AcademicYearKey,AcademicYearSort,SchoolTypeKey,EducationPhase,FsmStatus,EthnicityMinor,Enrolments,SessionsPossible,OverallAbsenceSessions,OverallAbsenceRateSource,AttendanceRateSource,PersistentAbsentees,PersistentAbsenceRateSource,SevereAbsentees,SevereAbsenceRateSource
2024/25,2024,Special,Special,FSM eligible,African,3527,1249693,116876,0.0935238,0.9064762,986,0.2795577,106,0.030053899999999998
2024/25,2024,Special,Special,FSM not eligible,African,3266,1146725,96068,0.08377599999999999,0.916224,760,0.2327006,103,0.031537
2024/25,2024,Special,Special,FSM unclassified,African,43,479,251,0.5240084,0.47599159999999996,22,0.5116279,21,0.4883721
2024/25,2024,Special,Special,Total,African,6836,2396897,213195,0.08894629999999999,0.9110537,1768,0.2586308,230,0.0336454
2024/25,2024,Special,Special,FSM eligible,Any other Asian background,956,341082,38976,0.1142716,0.8857284,344,0.3598326,31,0.0324268
2024/25,2024,Special,Special,FSM not eligible,Any other Asian background,2042,730245,76314,0.10450469999999999,0.8954953,650,0.3183154,75,0.0367287
2024/25,2024,Special,Special,FSM unclassified,Any other Asian background,10,192,99,0.515625,0.484375,5,0.5,5,0.5
2024/25,2024,Special,Special,Total,Any other Asian background,3008,1071519,115389,0.1076873,0.8923127,999,0.33211440000000003,111,0.0369016
2024/25,2024,Special,Special,FSM eligible,Any other Black / African / Caribbean background,887,313062,33179,0.1059822,0.8940178,281,0.3167982,38,0.042841
2024/25,2024,Special,Special,FSM not eligible,Any other Black / African / Caribbean background,756,262782,22550,0.0858126,0.9141874,183,0.24206350000000001,25,0.0330688
2024/25,2024,Special,Special,FSM unclassified,Any other Black / African / Caribbean background,9,269,41,0.1524164,0.8475836,4,0.4444444,1,0.1111111
2024/25,2024,Special,Special,Total,Any other Black / African / Caribbean background,1652,576113,55770,0.0968039,0.9031961,468,0.283293,64,0.038740899999999995
2024/25,2024,Special,Special,FSM eligible,Any other ethnic group,1467,517109,60705,0.117393,0.882607,559,0.3810498,59,0.04021810000000001
2024/25,2024,Special,Special,FSM not eligible,Any other ethnic group,1425,504485,56017,0.111038,0.888962,487,0.3417544,56,0.0392982
2024/25,2024,Special,Special,FSM unclassified,Any other ethnic group,17,312,134,0.4294872,0.5705127999999999,7,0.41176470000000004,6,0.3529412
2024/25,2024,Special,Special,Total,Any other ethnic group,2909,1021906,116856,0.11435100000000001,0.885649,1053,0.36198009999999997,121,0.04159500000000001
2024/25,2024,Special,Special,FSM eligible,Any other Mixed / Multiple ethnic background,2098,738952,110854,0.1500152,0.8499848,937,0.4466158,167,0.07959959999999999
2024/25,2024,Special,Special,FSM not eligible,Any other Mixed / Multiple ethnic background,2113,752891,79460,0.10553979999999999,0.8944602,622,0.2943682,91,0.043066700000000006
2024/25,2024,Special,Special,FSM unclassified,Any other Mixed / Multiple ethnic background,20,441,286,0.6485261,0.3514739,13,0.65,12,0.6
2024/25,2024,Special,Special,Total,Any other Mixed / Multiple ethnic background,4231,1492284,190600,0.1277237,0.8722763,1572,0.37154339999999997,270,0.0638147
2024/25,2024,Special,Special,FSM eligible,Any other White background,2323,821069,109164,0.1329535,0.8670465,932,0.40120530000000004,133,0.0572536
2024/25,2024,Special,Special,FSM not eligible,Any other White background,4067,1439546,147762,0.1026449,0.8973551,1192,0.2930907,165,0.0405704
2024/25,2024,Special,Special,FSM unclassified,Any other White background,36,871,633,0.7267509,0.2732491,23,0.6388889,21,0.5833332999999999
2024/25,2024,Special,Special,Total,Any other White background,6426,2261486,257559,0.1138893,0.8861107,2147,0.33411140000000006,319,0.049642099999999995
2024/25,2024,Special,Special,FSM eligible,Bangladeshi,1101,393461,56047,0.1424461,0.8575539,520,0.4722979,63,0.057220700000000006
2024/25,2024,Special,Special,FSM not eligible,Bangladeshi,1421,507740,59933,0.1180388,0.8819612,562,0.3954961,42,0.0295567
2024/25,2024,Special,Special,FSM unclassified,Bangladeshi,7,182,112,0.6153846000000001,0.38461539999999994,4,0.5714286,4,0.5714286
2024/25,2024,Special,Special,Total,Bangladeshi,2529,901383,116092,0.1287932,0.8712068,1086,0.42941870000000004,109,0.0431
2024/25,2024,Special,Special,FSM eligible,Caribbean,954,332415,40982,0.1232857,0.8767143,363,0.38050310000000004,51,0.0534591
2024/25,2024,Special,Special,FSM not eligible,Caribbean,578,203440,21081,0.10362270000000001,0.8963772999999999,175,0.3027682,23,0.0397924
2024/25,2024,Special,Special,FSM unclassified,Caribbean,5,74,16,0.2162162,0.7837838,3,0.6,2,0.4
2024/25,2024,Special,Special,Total,Caribbean,1537,535929,62079,0.11583439999999999,0.8841656,541,0.3519844,76,0.049447
2024/25,2024,Special,Special,FSM eligible,Chinese,138,49017,3891,0.0793806,0.9206194,23,0.1666667,7,0.0507246
2024/25,2024,Special,Special,FSM not eligible,Chinese,410,144052,10340,0.0717796,0.9282204000000001,79,0.1926829,8,0.0195122
2024/25,2024,Special,Special,Total,Chinese,548,193069,14231,0.0737094,0.9262906,102,0.1861314,15,0.0273723
2024/25,2024,Special,Special,FSM eligible,English / Welsh / Scottish / Northern Irish / British,50118,17646238,2701933,0.1531167,0.8468833,21027,0.41954990000000003,4456,0.0889102
2024/25,2024,Special,Special,FSM not eligible,English / Welsh / Scottish / Northern Irish / British,48352,17163337,1825205,0.10634320000000001,0.8936568,13181,0.2726051,2661,0.0550339
2024/25,2024,Special,Special,FSM unclassified,English / Welsh / Scottish / Northern Irish / British,466,11588,6620,0.5712806,0.4287194,278,0.5965665,242,0.5193133
2024/25,2024,Special,Special,Total,English / Welsh / Scottish / Northern Irish / British,98936,34821163,4533758,0.13020120000000002,0.8697988,34486,0.34856879999999996,7359,0.0743814
2024/25,2024,Special,Special,FSM eligible,Gypsy Roma,362,124778,32142,0.25759350000000003,0.7424065,239,0.660221,69,0.19060770000000002
2024/25,2024,Special,Special,FSM not eligible,Gypsy Roma,168,57753,10679,0.1849081,0.8150919,94,0.5595238,18,0.1071429
2024/25,2024,Special,Special,FSM unclassified,Gypsy Roma,5,103,95,0.9223300999999999,0.07766990000000007,4,0.8,4,0.8
2024/25,2024,Special,Special,Total,Gypsy Roma,535,182634,42916,0.23498360000000001,0.7650163999999999,337,0.6299065,91,0.1700935
2024/25,2024,Special,Special,FSM eligible,Indian,500,179250,19674,0.1097573,0.8902426999999999,178,0.35600000000000004,12,0.024
2024/25,2024,Special,Special,FSM not eligible,Indian,2533,907223,88832,0.09791639999999999,0.9020836,760,0.3000395,73,0.028819599999999997
2024/25,2024,Special,Special,FSM unclassified,Indian,20,743,357,0.48048450000000004,0.5195155,14,0.7,9,0.45
2024/25,2024,Special,Special,Total,Indian,3053,1087216,108863,0.1001301,0.8998699,952,0.3118244,94,0.030789399999999998
2024/25,2024,Special,Special,FSM eligible,Irish,172,60159,12685,0.2108579,0.7891421000000001,102,0.5930233,23,0.1337209
2024/25,2024,Special,Special,FSM not eligible,Irish,145,51898,6742,0.1299087,0.8700913,47,0.3241379,10,0.0689655
2024/25,2024,Special,Special,FSM unclassified,Irish,2,34,30,0.8823529000000001,0.1176470999999999,1,0.5,1,0.5
2024/25,2024,Special,Special,Total,Irish,319,112091,19457,0.1735822,0.8264178,150,0.4702194,34,0.1065831
2024/25,2024,Special,Special,FSM eligible,Irish Traveller,142,48146,14502,0.3012088,0.6987912000000001,109,0.7676056,36,0.2535211
2024/25,2024,Special,Special,FSM not eligible,Irish Traveller,47,16337,3799,0.23253959999999999,0.7674604,31,0.6595745,6,0.12765959999999998
2024/25,2024,Special,Special,FSM unclassified,Irish Traveller,4,52,46,0.8846153999999999,0.11538460000000006,2,0.5,2,0.5
2024/25,2024,Special,Special,Total,Irish Traveller,193,64535,18347,0.2842953,0.7157047000000001,142,0.7357513,44,0.2279793
2024/25,2024,Special,Special,FSM eligible,Pakistani,2352,825089,118778,0.1439578,0.8560422,1063,0.4519558,137,0.0582483
2024/25,2024,Special,Special,FSM not eligible,Pakistani,3679,1301354,185079,0.1422203,0.8577797,1564,0.4251155,225,0.061157899999999994
2024/25,2024,Special,Special,FSM unclassified,Pakistani,34,772,348,0.4507772,0.5492228,16,0.47058819999999996,13,0.3823529
2024/25,2024,Special,Special,Total,Pakistani,6065,2127215,304205,0.1430062,0.8569938,2643,0.43577910000000003,375,0.0618302
2024/25,2024,Special,Special,FSM eligible,Unclassified,1362,440840,74983,0.1700912,0.8299088,660,0.48458150000000005,156,0.1145374
2024/25,2024,Special,Special,FSM not eligible,Unclassified,1648,508066,82723,0.16281939999999998,0.8371806,712,0.4320388,220,0.1334951
2024/25,2024,Special,Special,FSM unclassified,Unclassified,80,1381,764,0.5532223,0.44677770000000006,28,0.35,23,0.2875
2024/25,2024,Special,Special,Total,Unclassified,3090,950287,158470,0.16676010000000002,0.8332398999999999,1400,0.4530744,399,0.1291262
2024/25,2024,Special,Special,FSM eligible,White and Asian,825,291197,42446,0.1457639,0.8542361,364,0.4412121,60,0.0727273
2024/25,2024,Special,Special,FSM not eligible,White and Asian,1185,419371,44446,0.10598250000000001,0.8940175,329,0.27763709999999997,66,0.055696199999999994
2024/25,2024,Special,Special,FSM unclassified,White and Asian,6,146,98,0.6712329,0.3287671,3,0.5,2,0.33333329999999994
2024/25,2024,Special,Special,Total,White and Asian,2016,710714,86990,0.122398,0.877602,696,0.3452381,128,0.0634921
2024/25,2024,Special,Special,FSM eligible,White and Black African,837,292329,42155,0.144204,0.855796,327,0.390681,69,0.08243729999999999
2024/25,2024,Special,Special,FSM not eligible,White and Black African,616,216817,20711,0.09552300000000001,0.904477,141,0.22889610000000002,32,0.051948100000000004
2024/25,2024,Special,Special,FSM unclassified,White and Black African,6,34,14,0.41176470000000004,0.5882353,3,0.5,2,0.33333329999999994
2024/25,2024,Special,Special,Total,White and Black African,1459,509180,62880,0.12349270000000001,0.8765073,471,0.3228239,103,0.0705963
2024/25,2024,Special,Special,FSM eligible,White and Black Caribbean,2036,703008,121325,0.1725798,0.8274201999999999,982,0.48231830000000003,218,0.10707269999999999
2024/25,2024,Special,Special,FSM not eligible,White and Black Caribbean,1004,349935,46436,0.1326989,0.8673010999999999,320,0.3187251,84,0.0836653
2024/25,2024,Special,Special,FSM unclassified,White and Black Caribbean,18,342,209,0.6111111,0.3888889,11,0.6111111,9,0.5
2024/25,2024,Special,Special,Total,White and Black Caribbean,3058,1053285,167970,0.15947250000000002,0.8405275,1313,0.4293656,311,0.1017005
2024/25,2024,Special,Special,Total,Total,148400,52068906,6645627,0.1276314,0.8723685999999999,52326,0.3526011,10253,0.0690903
2024/25,2024,State-funded primary,State-funded primary,FSM eligible,African,57352,20451953,869990,0.0425382,0.9574618,5416,0.0944344,344,0.005998
2024/25,2024,State-funded primary,State-funded primary,FSM not eligible,African,142510,49487001,1427844,0.0288529,0.9711471,6780,0.047575599999999996,581,0.0040769
2024/25,2024,State-funded primary,State-funded primary,FSM unclassified,African,5280,131292,28261,0.21525300000000003,0.784747,2619,0.4960227,1461,0.27670449999999996
2024/25,2024,State-funded primary,State-funded primary,Total,African,205142,70070246,2326095,0.0331966,0.9668034,14815,0.0722183,2386,0.011631
2024/25,2024,State-funded primary,State-funded primary,FSM eligible,Any other Asian background,20902,7352563,418759,0.0569542,0.9430458,3144,0.1504162,136,0.0065066
2024/25,2024,State-funded primary,State-funded primary,FSM not eligible,Any other Asian background,67560,24067334,1118685,0.0464815,0.9535185,6716,0.0994079,249,0.0036856
2024/25,2024,State-funded primary,State-funded primary,FSM unclassified,Any other Asian background,1922,50211,10902,0.2171237,0.7828763,945,0.4916753,459,0.23881370000000002
2024/25,2024,State-funded primary,State-funded primary,Total,Any other Asian background,90384,31470108,1548346,0.0492005,0.9507995,10805,0.1195455,844,0.0093379
2024/25,2024,State-funded primary,State-funded primary,FSM eligible,Any other Black / African / Caribbean background,12326,4388949,257540,0.0586792,0.9413208,2125,0.1723998,119,0.0096544
2024/25,2024,State-funded primary,State-funded primary,FSM not eligible,Any other Black / African / Caribbean background,18120,6473871,243543,0.0376194,0.9623806,1371,0.0756623,78,0.0043046000000000004
2024/25,2024,State-funded primary,State-funded primary,FSM unclassified,Any other Black / African / Caribbean background,558,14208,3867,0.2721706,0.7278294000000001,312,0.5591398000000001,176,0.3154122
2024/25,2024,State-funded primary,State-funded primary,Total,Any other Black / African / Caribbean background,31004,10877028,504950,0.046423500000000006,0.9535765,3808,0.1228229,373,0.0120307
2024/25,2024,State-funded primary,State-funded primary,FSM eligible,Any other ethnic group,41302,14323256,843475,0.058888499999999996,0.9411115,6618,0.1602344,312,0.0075541
2024/25,2024,State-funded primary,State-funded primary,FSM not eligible,Any other ethnic group,57835,20430857,1041313,0.050967700000000005,0.9490323,6815,0.11783519999999999,315,0.0054465
2024/25,2024,State-funded primary,State-funded primary,FSM unclassified,Any other ethnic group,2598,71460,17836,0.24959420000000002,0.7504058,1377,0.5300231,740,0.2848345
2024/25,2024,State-funded primary,State-funded primary,Total,Any other ethnic group,101735,34825573,1902624,0.054633,0.945367,14810,0.1455743,1367,0.0134369
2024/25,2024,State-funded primary,State-funded primary,FSM eligible,Any other Mixed / Multiple ethnic background,34009,12123225,961902,0.0793437,0.9206563,8949,0.2631362,447,0.0131436
2024/25,2024,State-funded primary,State-funded primary,FSM not eligible,Any other Mixed / Multiple ethnic background,77609,28226669,1267399,0.0449008,0.9550992,7258,0.0935201,294,0.0037882
2024/25,2024,State-funded primary,State-funded primary,FSM unclassified,Any other Mixed / Multiple ethnic background,1383,34430,8502,0.2469358,0.7530642,771,0.5574837,416,0.3007954
2024/25,2024,State-funded primary,State-funded primary,Total,Any other Mixed / Multiple ethnic background,113001,40384324,2237803,0.0554127,0.9445873,16978,0.1502465,1157,0.0102388
2024/25,2024,State-funded primary,State-funded primary,FSM eligible,Any other White background,61218,21765953,1581003,0.0726365,0.9273635,14215,0.2322029,653,0.0106668
2024/25,2024,State-funded primary,State-funded primary,FSM not eligible,Any other White background,221664,80746949,3790409,0.046941800000000006,0.9530582,21034,0.09489140000000001,993,0.0044798
2024/25,2024,State-funded primary,State-funded primary,FSM unclassified,Any other White background,3547,90303,25903,0.2868454,0.7131546,2040,0.5751339,1187,0.334649
2024/25,2024,State-funded primary,State-funded primary,Total,Any other White background,286429,102603205,5397315,0.0526038,0.9473962,37289,0.1301858,2833,0.0098908
2024/25,2024,State-funded primary,State-funded primary,FSM eligible,Bangladeshi,22719,8273670,555499,0.0671406,0.9328594,4721,0.2077996,83,0.0036533
2024/25,2024,State-funded primary,State-funded primary,FSM not eligible,Bangladeshi,42316,15375185,931594,0.0605908,0.9394092,6745,0.159396,147,0.0034739
2024/25,2024,State-funded primary,State-funded primary,FSM unclassified,Bangladeshi,886,24975,5524,0.22118120000000002,0.7788188,499,0.5632054,216,0.2437923
2024/25,2024,State-funded primary,State-funded primary,Total,Bangladeshi,65921,23673830,1492617,0.0630492,0.9369508,11965,0.1815051,446,0.0067657
2024/25,2024,State-funded primary,State-funded primary,FSM eligible,Caribbean,15605,5555503,438548,0.07893939999999999,0.9210606,4171,0.26728609999999997,164,0.0105095
2024/25,2024,State-funded primary,State-funded primary,FSM not eligible,Caribbean,16200,5841204,283260,0.0484934,0.9515066,1845,0.1138889,70,0.004321
2024/25,2024,State-funded primary,State-funded primary,FSM unclassified,Caribbean,443,11514,3321,0.2884315,0.7115685,271,0.6117381000000001,169,0.3814898
2024/25,2024,State-funded primary,State-funded primary,Total,Caribbean,32248,11408221,725129,0.06356200000000001,0.936438,6287,0.1949578,403,0.0124969
2024/25,2024,State-funded primary,State-funded primary,FSM eligible,Chinese,2260,817062,21780,0.0266565,0.9733435,76,0.0336283,3,0.0013274
2024/25,2024,State-funded primary,State-funded primary,FSM not eligible,Chinese,27123,9810906,281926,0.028736,0.971264,886,0.032666,44,0.0016222
2024/25,2024,State-funded primary,State-funded primary,FSM unclassified,Chinese,523,12923,1503,0.1163043,0.8836957,175,0.334608,82,0.1567878
2024/25,2024,State-funded primary,State-funded primary,Total,Chinese,29906,10640891,305209,0.0286827,0.9713173,1137,0.0380191,129,0.0043135000000000005
2024/25,2024,State-funded primary,State-funded primary,FSM eligible,English / Welsh / Scottish / Northern Irish / British,605414,218365420,18033295,0.08258309999999999,0.9174169,162584,0.2685501,8900,0.0147007
2024/25,2024,State-funded primary,State-funded primary,FSM not eligible,English / Welsh / Scottish / Northern Irish / British,1706007,632949865,25259617,0.0399078,0.9600922,111033,0.06508359999999999,5266,0.0030867
2024/25,2024,State-funded primary,State-funded primary,FSM unclassified,English / Welsh / Scottish / Northern Irish / British,12148,312091,88454,0.2834237,0.7165763,7280,0.5992756,4339,0.3571781
2024/25,2024,State-funded primary,State-funded primary,Total,English / Welsh / Scottish / Northern Irish / British,2323569,851627376,43381366,0.050939399999999996,0.9490606,280897,0.12089029999999999,18505,0.007964
2024/25,2024,State-funded primary,State-funded primary,FSM eligible,Gypsy Roma,10410,3576882,544404,0.1522007,0.8477993,6029,0.5791547,527,0.05062439999999999
2024/25,2024,State-funded primary,State-funded primary,FSM not eligible,Gypsy Roma,6555,2212843,307368,0.1389019,0.8610981,3392,0.5174676,348,0.053089199999999996
2024/25,2024,State-funded primary,State-funded primary,FSM unclassified,Gypsy Roma,406,13712,5989,0.4367707,0.5632292999999999,349,0.8596058999999999,216,0.5320197
2024/25,2024,State-funded primary,State-funded primary,Total,Gypsy Roma,17371,5803437,857761,0.1478022,0.8521978,9770,0.5624316,1091,0.0628058
2024/25,2024,State-funded primary,State-funded primary,FSM eligible,Indian,11214,4056034,234364,0.057781599999999995,0.9422184,1794,0.1599786,32,0.0028536
2024/25,2024,State-funded primary,State-funded primary,FSM not eligible,Indian,154179,54778320,2549272,0.046538,0.953462,15692,0.1017778,433,0.0028084
2024/25,2024,State-funded primary,State-funded primary,FSM unclassified,Indian,3668,95155,17834,0.1874205,0.8125795,1737,0.4735551,820,0.22355509999999998
2024/25,2024,State-funded primary,State-funded primary,Total,Indian,169061,58929509,2801470,0.04753930000000001,0.9524607,19223,0.1137045,1285,0.0076008
2024/25,2024,State-funded primary,State-funded primary,FSM eligible,Irish,1989,684824,88519,0.129258,0.870742,937,0.471091,74,0.037204600000000004
2024/25,2024,State-funded primary,State-funded primary,FSM not eligible,Irish,6524,2403857,106643,0.0443633,0.9556367,548,0.08399749999999999,44,0.0067443
2024/25,2024,State-funded primary,State-funded primary,FSM unclassified,Irish,78,1798,708,0.39377090000000003,0.6062291,53,0.6794872,37,0.474359
2024/25,2024,State-funded primary,State-funded primary,Total,Irish,8591,3090479,195870,0.0633785,0.9366215,1538,0.1790246,155,0.018042100000000002
2024/25,2024,State-funded primary,State-funded primary,FSM eligible,Irish Traveller,3337,1090383,234764,0.2153042,0.7846957999999999,2440,0.7311957,368,0.11027870000000001
2024/25,2024,State-funded primary,State-funded primary,FSM not eligible,Irish Traveller,1257,407947,79528,0.19494689999999998,0.8050531000000001,790,0.6284805,155,0.1233095
2024/25,2024,State-funded primary,State-funded primary,FSM unclassified,Irish Traveller,145,5440,2149,0.3950368,0.6049632,124,0.8551724,74,0.5103448
2024/25,2024,State-funded primary,State-funded primary,Total,Irish Traveller,4739,1503770,316441,0.2104318,0.7895681999999999,3354,0.7077442,597,0.1259759
2024/25,2024,State-funded primary,State-funded primary,FSM eligible,Pakistani,52391,18942450,1347202,0.0711208,0.9288792,11941,0.22792079999999998,255,0.0048671999999999995
2024/25,2024,State-funded primary,State-funded primary,FSM not eligible,Pakistani,121344,43785957,2683930,0.06129660000000001,0.9387034,19937,0.16430150000000002,434,0.0035765999999999997
2024/25,2024,State-funded primary,State-funded primary,FSM unclassified,Pakistani,2582,69383,16914,0.2437773,0.7562227,1392,0.5391170000000001,734,0.28427579999999997
2024/25,2024,State-funded primary,State-funded primary,Total,Pakistani,176317,62797790,4048046,0.0644616,0.9355384,33270,0.1886942,1423,0.0080707
2024/25,2024,State-funded primary,State-funded primary,FSM eligible,Unclassified,17321,5369427,468881,0.08732419999999999,0.9126758,5169,0.2984239,408,0.0235552
2024/25,2024,State-funded primary,State-funded primary,FSM not eligible,Unclassified,45475,13677374,707571,0.051733,0.948267,6023,0.1324464,500,0.0109951
2024/25,2024,State-funded primary,State-funded primary,FSM unclassified,Unclassified,2799,117428,22768,0.193889,0.806111,1376,0.4916041,614,0.21936409999999998
2024/25,2024,State-funded primary,State-funded primary,Total,Unclassified,65595,19164229,1199220,0.062576,0.937424,12568,0.1916,1522,0.023203
2024/25,2024,State-funded primary,State-funded primary,FSM eligible,White and Asian,16192,5772661,453127,0.07849529999999999,0.9215047000000001,4137,0.2554965,198,0.012228300000000001
2024/25,2024,State-funded primary,State-funded primary,FSM not eligible,White and Asian,52009,19127331,778748,0.0407139,0.9592861,3758,0.07225670000000001,116,0.0022304
2024/25,2024,State-funded primary,State-funded primary,FSM unclassified,White and Asian,636,16321,3716,0.2276821,0.7723179,331,0.5204403,185,0.2908805
2024/25,2024,State-funded primary,State-funded primary,Total,White and Asian,68837,24916313,1235591,0.049589600000000005,0.9504104,8226,0.1194997,499,0.007249
2024/25,2024,State-funded primary,State-funded primary,FSM eligible,White and Black African,13794,4931021,362063,0.0734256,0.9265744,3172,0.2299551,165,0.011961699999999999
2024/25,2024,State-funded primary,State-funded primary,FSM not eligible,White and Black African,23484,8555563,336390,0.0393183,0.9606817,1679,0.07149549999999999,68,0.0028956
2024/25,2024,State-funded primary,State-funded primary,FSM unclassified,White and Black African,468,11993,3065,0.2555657,0.7444343,260,0.5555556,149,0.3183761
2024/25,2024,State-funded primary,State-funded primary,Total,White and Black African,37746,13498577,701518,0.0519698,0.9480302,5111,0.1354051,382,0.0101203
2024/25,2024,State-funded primary,State-funded primary,FSM eligible,White and Black Caribbean,30602,10951327,1025004,0.0935963,0.9064037,9989,0.3264166,509,0.0166329
2024/25,2024,State-funded primary,State-funded primary,FSM not eligible,White and Black Caribbean,32074,11779627,566107,0.0480581,0.9519419,3329,0.1037912,126,0.0039284
2024/25,2024,State-funded primary,State-funded primary,FSM unclassified,White and Black Caribbean,509,14014,4584,0.3271015,0.6728985000000001,333,0.6542239999999999,203,0.3988212
2024/25,2024,State-funded primary,State-funded primary,Total,White and Black Caribbean,63185,22744968,1595695,0.070156,0.929844,13651,0.2160481,838,0.0132626
2024/25,2024,State-funded primary,State-funded primary,Total,Total,3890781,1400029874,72773066,0.0519797,0.9480203,505502,0.129923,36235,0.009313
2024/25,2024,State-funded secondary,State-funded secondary,FSM eligible,African,54965,19012362,1037962,0.0545941,0.9454059,7915,0.14400069999999998,570,0.010370200000000001
2024/25,2024,State-funded secondary,State-funded secondary,FSM not eligible,African,111826,38261925,1339959,0.035020699999999995,0.9649793,8252,0.0737932,554,0.0049541
2024/25,2024,State-funded secondary,State-funded secondary,FSM unclassified,African,2466,67141,19583,0.2916698,0.7083302,1537,0.6232766000000001,880,0.3568532
2024/25,2024,State-funded secondary,State-funded secondary,Total,African,169257,57341428,2397504,0.041811,0.958189,17704,0.1045983,2004,0.01184
2024/25,2024,State-funded secondary,State-funded secondary,FSM eligible,Any other Asian background,18805,6462624,478511,0.0740428,0.9259572,4053,0.2155278,302,0.0160596
2024/25,2024,State-funded secondary,State-funded secondary,FSM not eligible,Any other Asian background,53645,18682586,926540,0.0495938,0.9504062,6333,0.11805389999999999,319,0.0059465
2024/25,2024,State-funded secondary,State-funded secondary,FSM unclassified,Any other Asian background,927,26248,8104,0.3087473,0.6912526999999999,601,0.6483279000000001,335,0.3613808
2024/25,2024,State-funded secondary,State-funded secondary,Total,Any other Asian background,73377,25171458,1413155,0.056141199999999995,0.9438588,10987,0.1497336,956,0.0130286
2024/25,2024,State-funded secondary,State-funded secondary,FSM eligible,Any other Black / African / Caribbean background,10634,3650864,287992,0.0788832,0.9211168,2493,0.2344367,268,0.0252022
2024/25,2024,State-funded secondary,State-funded secondary,FSM not eligible,Any other Black / African / Caribbean background,15023,5160224,246984,0.047862999999999996,0.952137,1805,0.12014910000000001,125,0.008320600000000001
2024/25,2024,State-funded secondary,State-funded secondary,FSM unclassified,Any other Black / African / Caribbean background,346,9763,3453,0.35368229999999995,0.6463177,233,0.6734104000000001,137,0.39595379999999997
2024/25,2024,State-funded secondary,State-funded secondary,Total,Any other Black / African / Caribbean background,26003,8820851,538429,0.0610405,0.9389595,4531,0.17424910000000002,530,0.0203823
2024/25,2024,State-funded secondary,State-funded secondary,FSM eligible,Any other ethnic group,36399,12292244,1011016,0.08224830000000001,0.9177517,9218,0.2532487,779,0.0214017
2024/25,2024,State-funded secondary,State-funded secondary,FSM not eligible,Any other ethnic group,44606,15239641,946679,0.0621195,0.9378805,7509,0.1683406,532,0.0119266
2024/25,2024,State-funded secondary,State-funded secondary,FSM unclassified,Any other ethnic group,1453,40540,13606,0.33561909999999995,0.6643809,993,0.6834136,564,0.3881624
2024/25,2024,State-funded secondary,State-funded secondary,Total,Any other ethnic group,82458,27572425,1971301,0.0714954,0.9285046,17720,0.2148973,1875,0.0227388
2024/25,2024,State-funded secondary,State-funded secondary,FSM eligible,Any other Mixed / Multiple ethnic background,28755,9837057,1143934,0.1162882,0.8837118,10366,0.3604938,1430,0.0497305
2024/25,2024,State-funded secondary,State-funded secondary,FSM not eligible,Any other Mixed / Multiple ethnic background,63139,22073767,1370529,0.062088599999999994,0.9379114,10161,0.1609306,981,0.0155371
2024/25,2024,State-funded secondary,State-funded secondary,FSM unclassified,Any other Mixed / Multiple ethnic background,1147,31326,11332,0.36174419999999996,0.6382558,796,0.6939843,484,0.4219704
2024/25,2024,State-funded secondary,State-funded secondary,Total,Any other Mixed / Multiple ethnic background,93041,31942150,2525795,0.079074,0.920926,21323,0.2291785,2895,0.031115300000000002
2024/25,2024,State-funded secondary,State-funded secondary,FSM eligible,Any other White background,50874,17432241,1863543,0.1069021,0.8930979,17237,0.3388175,2047,0.0402367
2024/25,2024,State-funded secondary,State-funded secondary,FSM not eligible,Any other White background,177777,62121791,3984494,0.06414,0.93586,29510,0.16599450000000002,2499,0.0140569
2024/25,2024,State-funded secondary,State-funded secondary,FSM unclassified,Any other White background,2499,66084,27131,0.4105532,0.5894467999999999,1815,0.7262905000000001,1187,0.47499
2024/25,2024,State-funded secondary,State-funded secondary,Total,Any other White background,231150,79620116,5875168,0.07379,0.92621,48562,0.21008870000000002,5733,0.0248021
2024/25,2024,State-funded secondary,State-funded secondary,FSM eligible,Bangladeshi,21763,7642128,607844,0.0795386,0.9204614,5242,0.24086749999999998,308,0.014152499999999998
2024/25,2024,State-funded secondary,State-funded secondary,FSM not eligible,Bangladeshi,34350,12111190,770354,0.0636068,0.9363932,5776,0.1681514,224,0.006521099999999999
2024/25,2024,State-funded secondary,State-funded secondary,FSM unclassified,Bangladeshi,420,10887,3010,0.2764765,0.7235235,272,0.647619,142,0.3380952
2024/25,2024,State-funded secondary,State-funded secondary,Total,Bangladeshi,56533,19764205,1381208,0.0698843,0.9301157,11290,0.1997064,674,0.0119222
2024/25,2024,State-funded secondary,State-funded secondary,FSM eligible,Caribbean,15919,5385286,579568,0.1076207,0.8923793,5621,0.3531001,622,0.0390728
2024/25,2024,State-funded secondary,State-funded secondary,FSM not eligible,Caribbean,17456,5985011,392320,0.0655504,0.9344496,3274,0.1875573,263,0.0150665
2024/25,2024,State-funded secondary,State-funded secondary,FSM unclassified,Caribbean,399,11445,3826,0.33429450000000005,0.6657055,274,0.6867167999999999,148,0.3709273
2024/25,2024,State-funded secondary,State-funded secondary,Total,Caribbean,33774,11381742,975714,0.0857262,0.9142738,9169,0.271481,1033,0.0305857
2024/25,2024,State-funded secondary,State-funded secondary,FSM eligible,Chinese,2080,739230,22755,0.030781999999999997,0.969218,123,0.059134599999999996,11,0.005288500000000001
2024/25,2024,State-funded secondary,State-funded secondary,FSM not eligible,Chinese,24597,8698352,246625,0.028353100000000003,0.9716469,1016,0.0413059,97,0.0039436
2024/25,2024,State-funded secondary,State-funded secondary,FSM unclassified,Chinese,200,4749,820,0.1726679,0.8273321,102,0.51,50,0.25
2024/25,2024,State-funded secondary,State-funded secondary,Total,Chinese,26877,9442331,270200,0.0286158,0.9713842,1241,0.0461733,158,0.0058786
2024/25,2024,State-funded secondary,State-funded secondary,FSM eligible,English / Welsh / Scottish / Northern Irish / British,520232,177226624,28383458,0.1601535,0.8398464999999999,242271,0.465698,50353,0.0967895
2024/25,2024,State-funded secondary,State-funded secondary,FSM not eligible,English / Welsh / Scottish / Northern Irish / British,1499514,529308980,36865614,0.0696486,0.9303513999999999,256501,0.1710561,36490,0.0243346
2024/25,2024,State-funded secondary,State-funded secondary,FSM unclassified,English / Welsh / Scottish / Northern Irish / British,17493,490205,225684,0.460387,0.539613,13966,0.7983764999999999,9268,0.5298119
2024/25,2024,State-funded secondary,State-funded secondary,Total,English / Welsh / Scottish / Northern Irish / British,2037239,707025809,65474756,0.0926059,0.9073941,512738,0.2516828,96111,0.0471771
2024/25,2024,State-funded secondary,State-funded secondary,FSM eligible,Gypsy Roma,6197,1894781,460962,0.2432798,0.7567202,4629,0.7469743,994,0.1604002
2024/25,2024,State-funded secondary,State-funded secondary,FSM not eligible,Gypsy Roma,3146,1010543,178622,0.1767584,0.8232416,1833,0.5826446,330,0.10489509999999999
2024/25,2024,State-funded secondary,State-funded secondary,FSM unclassified,Gypsy Roma,419,13847,7313,0.5281288,0.47187120000000005,378,0.902148,247,0.5894988
2024/25,2024,State-funded secondary,State-funded secondary,Total,Gypsy Roma,9762,2919171,646897,0.221603,0.778397,6840,0.7006761,1571,0.1609301
2024/25,2024,State-funded secondary,State-funded secondary,FSM eligible,Indian,11542,4044740,311399,0.0769886,0.9230114,2598,0.225091,211,0.018281099999999998
2024/25,2024,State-funded secondary,State-funded secondary,FSM not eligible,Indian,112945,39692356,1858723,0.04682820000000001,0.9531718,11799,0.10446680000000001,367,0.0032494
2024/25,2024,State-funded secondary,State-funded secondary,FSM unclassified,Indian,1176,30769,7789,0.2531444,0.7468556,687,0.5841837000000001,349,0.2967687
2024/25,2024,State-funded secondary,State-funded secondary,Total,Indian,125663,43767865,2177911,0.0497605,0.9502395,15084,0.1200353,927,0.0073769
2024/25,2024,State-funded secondary,State-funded secondary,FSM eligible,Irish,1763,588310,104361,0.1773912,0.8226088,934,0.5297788,200,0.113443
2024/25,2024,State-funded secondary,State-funded secondary,FSM not eligible,Irish,6109,2145231,142344,0.0663537,0.9336463,991,0.1622197,128,0.0209527
2024/25,2024,State-funded secondary,State-funded secondary,FSM unclassified,Irish,54,1133,653,0.576346,0.423654,42,0.7777778000000001,32,0.5925926
2024/25,2024,State-funded secondary,State-funded secondary,Total,Irish,7926,2734674,247358,0.09045249999999999,0.9095475,1967,0.24817060000000002,360,0.045420100000000005
2024/25,2024,State-funded secondary,State-funded secondary,FSM eligible,Irish Traveller,881,279612,73781,0.2638692,0.7361308,657,0.7457435,176,0.199773
2024/25,2024,State-funded secondary,State-funded secondary,FSM not eligible,Irish Traveller,527,175959,24812,0.1410101,0.8589899,221,0.41935479999999997,48,0.0910816
2024/25,2024,State-funded secondary,State-funded secondary,FSM unclassified,Irish Traveller,49,1401,941,0.6716631,0.32833690000000004,45,0.9183673,35,0.7142856999999999
2024/25,2024,State-funded secondary,State-funded secondary,Total,Irish Traveller,1457,456972,99534,0.21781199999999998,0.782188,923,0.6334935,259,0.17776250000000002
2024/25,2024,State-funded secondary,State-funded secondary,FSM eligible,Pakistani,48994,16971397,1617502,0.09530749999999999,0.9046925,15574,0.3178757,1070,0.021839400000000002
2024/25,2024,State-funded secondary,State-funded secondary,FSM not eligible,Pakistani,101649,35353057,2549800,0.0721239,0.9278761,21670,0.21318460000000003,915,0.0090016
2024/25,2024,State-funded secondary,State-funded secondary,FSM unclassified,Pakistani,1758,51404,15612,0.3037118,0.6962882,1195,0.6797497,625,0.3555176
2024/25,2024,State-funded secondary,State-funded secondary,Total,Pakistani,152401,52375858,4182914,0.0798634,0.9201366,38439,0.2522228,2610,0.0171259
2024/25,2024,State-funded secondary,State-funded secondary,FSM eligible,Unclassified,26425,8018480,1198542,0.1494725,0.8505275,11701,0.4428004,2514,0.09513719999999999
2024/25,2024,State-funded secondary,State-funded secondary,FSM not eligible,Unclassified,54016,16564594,1299172,0.0784307,0.9215693,11994,0.22204529999999997,1928,0.035693100000000005
2024/25,2024,State-funded secondary,State-funded secondary,FSM unclassified,Unclassified,3094,97467,37329,0.38299120000000003,0.6170088,2249,0.7268908000000001,1416,0.45765999999999996
2024/25,2024,State-funded secondary,State-funded secondary,Total,Unclassified,83535,24680541,2535043,0.1027142,0.8972858,25944,0.3105764,5858,0.0701263
2024/25,2024,State-funded secondary,State-funded secondary,FSM eligible,White and Asian,13953,4789022,619053,0.12926500000000002,0.870735,5426,0.38887689999999997,896,0.0642156
2024/25,2024,State-funded secondary,State-funded secondary,FSM not eligible,White and Asian,40015,14152498,833689,0.058907600000000004,0.9410924,5643,0.14102209999999998,612,0.0152943
2024/25,2024,State-funded secondary,State-funded secondary,FSM unclassified,White and Asian,544,15730,5708,0.3628735,0.6371264999999999,382,0.7022059,223,0.40992649999999997
2024/25,2024,State-funded secondary,State-funded secondary,Total,White and Asian,54512,18957250,1458450,0.0769336,0.9230664,11451,0.2100638,1731,0.0317545
2024/25,2024,State-funded secondary,State-funded secondary,FSM eligible,White and Black African,11779,4045078,494088,0.12214549999999999,0.8778545,4247,0.36055689999999996,690,0.0585788
2024/25,2024,State-funded secondary,State-funded secondary,FSM not eligible,White and Black African,19314,6734960,429874,0.06382729999999999,0.9361727,3148,0.1629906,373,0.0193124
2024/25,2024,State-funded secondary,State-funded secondary,FSM unclassified,White and Black African,367,10500,3699,0.3522857,0.6477143000000001,258,0.7029972999999999,155,0.4223433
2024/25,2024,State-funded secondary,State-funded secondary,Total,White and Black African,31460,10790538,927661,0.0859699,0.9140301,7653,0.24326129999999999,1218,0.038715799999999995
2024/25,2024,State-funded secondary,State-funded secondary,FSM eligible,White and Black Caribbean,24825,8377584,1332763,0.1590868,0.8409132,12120,0.4882175,2182,0.0878953
2024/25,2024,State-funded secondary,State-funded secondary,FSM not eligible,White and Black Caribbean,27014,9402918,794898,0.0845374,0.9154626,6377,0.23606280000000002,870,0.0322055
2024/25,2024,State-funded secondary,State-funded secondary,FSM unclassified,White and Black Caribbean,705,21237,8957,0.42176389999999997,0.5782361,546,0.7744681,318,0.4510638
2024/25,2024,State-funded secondary,State-funded secondary,Total,White and Black Caribbean,52544,17801739,2136618,0.120023,0.879977,19043,0.3624201,3370,0.06413669999999999
2024/25,2024,State-funded secondary,State-funded secondary,Total,Total,3348969,1152567123,97235616,0.08436439999999999,0.9156356,782609,0.2336865,129873,0.03878
2024/25,2024,Total,Total,Total,Total,7388150,2604665903,176654309,0.0678223,0.9321777,1340437,0.18143070000000003,176361,0.0238708
2024/25,2024,Special,Special,FSM eligible,Total,72157,25366894,3751297,0.1478816,0.8521183999999999,29996,0.4157046,5891,0.0816414
2024/25,2024,State-funded primary,State-funded primary,FSM eligible,Total,1030357,368792563,28740119,0.0779303,0.9220697,257627,0.2500366,13697,0.0132935
2024/25,2024,State-funded secondary,State-funded secondary,FSM eligible,Total,906785,308689664,41629034,0.1348572,0.8651428,362425,0.3996813,65623,0.0723689
2024/25,2024,Total,Total,FSM eligible,Total,2009299,702849121,74120450,0.1054571,0.8945429,650048,0.32351979999999997,85211,0.042408299999999996
2024/25,2024,Special,Special,FSM not eligible,Total,75455,26683997,2884177,0.1080864,0.8919136,21889,0.2900934,3983,0.052786400000000004
2024/25,2024,State-funded primary,State-funded primary,FSM not eligible,Total,2819845,1030138660,43761147,0.0424808,0.9575192,225631,0.0800154,10261,0.0036389
2024/25,2024,State-funded secondary,State-funded secondary,FSM not eligible,Total,2406668,842875583,55202032,0.0654925,0.9345075,393813,0.16363409999999998,47655,0.0198012
2024/25,2024,Total,Total,FSM not eligible,Total,5301968,1899698240,101847356,0.0536124,0.9463876,641333,0.12096130000000001,61899,0.0116747
2024/25,2024,Special,Special,FSM unclassified,Total,788,18015,10153,0.5635859,0.4364141,441,0.5596447,379,0.48096449999999996
2024/25,2024,State-funded primary,State-funded primary,FSM unclassified,Total,40579,1098651,271800,0.24739429999999998,0.7526057,22244,0.5481653,12277,0.30254570000000003
2024/25,2024,State-funded secondary,State-funded secondary,FSM unclassified,Total,35516,1001876,404550,0.4037925,0.5962075,26371,0.7425104,16595,0.4672542
2024/25,2024,Total,Total,FSM unclassified,Total,76883,2118542,686503,0.32404499999999997,0.6759550000000001,49056,0.6380604000000001,29251,0.3804612
2024/25,2024,Total,Total,FSM eligible,African,115844,40714008,2024828,0.049733,0.950267,14317,0.12358859999999999,1020,0.0088049
2024/25,2024,Total,Total,FSM not eligible,African,257602,88895651,2863871,0.0322161,0.9677839,15792,0.0613039,1238,0.0048059
2024/25,2024,Total,Total,FSM unclassified,African,7789,198912,48095,0.2417903,0.7582097,4178,0.5363975,2362,0.30324819999999997
2024/25,2024,Total,Total,Total,African,381235,129808571,4936794,0.0380313,0.9619687,34287,0.0899367,4620,0.0121185
2024/25,2024,Total,Total,FSM eligible,Any other Asian background,40663,14156269,936246,0.0661365,0.9338635,7541,0.1854511,469,0.0115338
2024/25,2024,Total,Total,FSM not eligible,Any other Asian background,123247,43480165,2121539,0.048793300000000005,0.9512067,13699,0.11115080000000001,643,0.0052172
2024/25,2024,Total,Total,FSM unclassified,Any other Asian background,2859,76651,19105,0.24924659999999998,0.7507534,1551,0.5424974,799,0.2794683
2024/25,2024,Total,Total,Total,Any other Asian background,166769,57713085,3076890,0.0533136,0.9466864,22791,0.1366621,1911,0.011458999999999999
2024/25,2024,Total,Total,FSM eligible,Any other Black / African / Caribbean background,23847,8352875,578711,0.0692829,0.9307171,4899,0.2054346,425,0.017821899999999998
2024/25,2024,Total,Total,FSM not eligible,Any other Black / African / Caribbean background,33899,11896877,513077,0.043127000000000006,0.956873,3359,0.0990885,228,0.0067259
2024/25,2024,Total,Total,FSM unclassified,Any other Black / African / Caribbean background,913,24240,7361,0.3036716,0.6963284000000001,549,0.6013143,314,0.34392110000000004
2024/25,2024,Total,Total,Total,Any other Black / African / Caribbean background,58659,20273992,1099149,0.054214700000000005,0.9457853,8807,0.1501389,967,0.0164851
2024/25,2024,Total,Total,FSM eligible,Any other ethnic group,79168,27132609,1915196,0.0705865,0.9294135,16395,0.20709119999999998,1150,0.0145261
2024/25,2024,Total,Total,FSM not eligible,Any other ethnic group,103866,36174983,2044009,0.0565034,0.9434966,14811,0.1425972,903,0.0086939
2024/25,2024,Total,Total,FSM unclassified,Any other ethnic group,4068,112312,31576,0.2811454,0.7188546,2377,0.5843166,1310,0.32202559999999997
2024/25,2024,Total,Total,Total,Any other ethnic group,187102,63419904,3990781,0.0629263,0.9370737,33583,0.1794903,3363,0.0179742
2024/25,2024,Total,Total,FSM eligible,Any other Mixed / Multiple ethnic background,64862,22699234,2216690,0.0976548,0.9023452,20252,0.3122321,2044,0.0315131
2024/25,2024,Total,Total,FSM not eligible,Any other Mixed / Multiple ethnic background,142861,51053327,2717388,0.0532265,0.9467735,18041,0.1262836,1366,0.0095617
2024/25,2024,Total,Total,FSM unclassified,Any other Mixed / Multiple ethnic background,2550,66197,20120,0.3039413,0.6960587,1580,0.6196078,912,0.3576471
2024/25,2024,Total,Total,Total,Any other Mixed / Multiple ethnic background,210273,73818758,4954198,0.06711299999999999,0.932887,39873,0.18962489999999999,4322,0.020554199999999998
2024/25,2024,Total,Total,FSM eligible,Any other White background,114415,40019263,3553710,0.0888,0.9112,32384,0.2830398,2833,0.0247607
2024/25,2024,Total,Total,FSM not eligible,Any other White background,403508,144308286,7922665,0.054901,0.945099,51736,0.1282155,3657,0.009063
2024/25,2024,Total,Total,FSM unclassified,Any other White background,6082,157258,53667,0.3412672,0.6587328,3878,0.6376192,2395,0.3937849
2024/25,2024,Total,Total,Total,Any other White background,524005,184484807,11530042,0.0624986,0.9375014,87998,0.1679335,8885,0.0169559
2024/25,2024,Total,Total,FSM eligible,Bangladeshi,45583,16309259,1219390,0.0747667,0.9252333,10483,0.22997610000000002,454,0.0099599
2024/25,2024,Total,Total,FSM not eligible,Bangladeshi,78087,27994115,1761881,0.06293750000000001,0.9370625,13083,0.1675439,413,0.005289
2024/25,2024,Total,Total,FSM unclassified,Bangladeshi,1313,36044,8646,0.2398735,0.7601265,775,0.5902512999999999,362,0.2757045
2024/25,2024,Total,Total,Total,Bangladeshi,124983,44339418,2989917,0.06743249999999999,0.9325675,24341,0.1947545,1229,0.0098333
2024/25,2024,Total,Total,FSM eligible,Caribbean,32478,11273204,1059098,0.09394830000000001,0.9060517,10155,0.31267320000000004,837,0.0257713
2024/25,2024,Total,Total,FSM not eligible,Caribbean,34234,12029655,696661,0.057912,0.942088,5294,0.1546416,356,0.010399
2024/25,2024,Total,Total,FSM unclassified,Caribbean,847,23033,7163,0.3109886,0.6890114,548,0.6469893999999999,319,0.3766234
2024/25,2024,Total,Total,Total,Caribbean,67559,23325892,1762922,0.0755779,0.9244221,15997,0.2367856,1512,0.022380399999999998
2024/25,2024,Total,Total,FSM eligible,Chinese,4478,1605309,48426,0.0301662,0.9698338,222,0.04957569999999999,21,0.0046895999999999995
2024/25,2024,Total,Total,FSM not eligible,Chinese,52130,18653310,538891,0.0288898,0.9711102,1981,0.0380012,149,0.0028582
2024/25,2024,Total,Total,FSM unclassified,Chinese,723,17672,2323,0.1314509,0.8685491,277,0.3831259,132,0.18257259999999997
2024/25,2024,Total,Total,Total,Chinese,57331,20276291,589640,0.0290803,0.9709197,2480,0.0432576,302,0.005267699999999999
2024/25,2024,Total,Total,FSM eligible,English / Welsh / Scottish / Northern Irish / British,1175764,413238282,49118686,0.11886290000000001,0.8811371,425882,0.36221719999999996,63709,0.0541852
2024/25,2024,Total,Total,FSM not eligible,English / Welsh / Scottish / Northern Irish / British,3253873,1179422182,63950436,0.0542218,0.9457782,380715,0.1170036,44417,0.013650500000000001
2024/25,2024,Total,Total,FSM unclassified,English / Welsh / Scottish / Northern Irish / British,30107,813884,320758,0.3941078,0.6058922,21524,0.7149168,13849,0.45999270000000003
2024/25,2024,Total,Total,Total,English / Welsh / Scottish / Northern Irish / British,4459744,1593474348,113389880,0.0711589,0.9288411,828121,0.185688,121975,0.0273502
2024/25,2024,Total,Total,FSM eligible,Gypsy Roma,16969,5596441,1037508,0.18538709999999997,0.8146129,10897,0.642171,1590,0.0937003
2024/25,2024,Total,Total,FSM not eligible,Gypsy Roma,9869,3281139,496669,0.1513709,0.8486291,5319,0.5389604,696,0.0705239
2024/25,2024,Total,Total,FSM unclassified,Gypsy Roma,830,27662,13397,0.48431060000000004,0.5156894,731,0.8807229,467,0.5626506
2024/25,2024,Total,Total,Total,Gypsy Roma,27668,8905242,1547574,0.1737824,0.8262176,16947,0.6125126000000001,2753,0.0995012
2024/25,2024,Total,Total,FSM eligible,Indian,23256,8280024,565437,0.0682893,0.9317107,4570,0.1965084,255,0.0109649
2024/25,2024,Total,Total,FSM not eligible,Indian,269657,95377899,4496827,0.0471475,0.9528525,28251,0.1047664,873,0.0032374
2024/25,2024,Total,Total,FSM unclassified,Indian,4864,126667,25980,0.20510470000000003,0.7948953,2438,0.5012336,1178,0.2421875
2024/25,2024,Total,Total,Total,Indian,297777,103784590,5088244,0.049027,0.950973,35259,0.1184074,2306,0.0077441
2024/25,2024,Total,Total,FSM eligible,Irish,3924,1333293,205565,0.1541784,0.8458216000000001,1973,0.5028033,297,0.0756881
2024/25,2024,Total,Total,FSM not eligible,Irish,12778,4600986,255729,0.0555813,0.9444186999999999,1586,0.12411960000000001,182,0.014243200000000001
2024/25,2024,Total,Total,FSM unclassified,Irish,134,2965,1391,0.46914,0.53086,96,0.7164179,70,0.5223881
2024/25,2024,Total,Total,Total,Irish,16836,5937244,462685,0.0779293,0.9220707,3655,0.21709430000000002,549,0.032608700000000004
2024/25,2024,Total,Total,FSM eligible,Irish Traveller,4360,1418141,323047,0.22779610000000003,0.7722038999999999,3206,0.7353211000000001,580,0.1330275
2024/25,2024,Total,Total,FSM not eligible,Irish Traveller,1831,600243,108139,0.1801587,0.8198413,1042,0.5690879,209,0.11414529999999999
2024/25,2024,Total,Total,FSM unclassified,Irish Traveller,198,6893,3136,0.4549543,0.5450457,171,0.8636364000000001,111,0.5606061
2024/25,2024,Total,Total,Total,Irish Traveller,6389,2025277,434322,0.21445070000000002,0.7855493,4419,0.6916575,900,0.1408671
2024/25,2024,Total,Total,FSM eligible,Pakistani,103737,36738936,3083482,0.0839295,0.9160705,28578,0.2754851,1462,0.0140933
2024/25,2024,Total,Total,FSM not eligible,Pakistani,226672,80440368,5418809,0.0673643,0.9326357,43171,0.1904558,1574,0.0069440000000000005
2024/25,2024,Total,Total,FSM unclassified,Pakistani,4374,121559,32874,0.27043659999999997,0.7295634,2603,0.5951075,1372,0.3136717
2024/25,2024,Total,Total,Total,Pakistani,334783,117300863,8535165,0.072763,0.927237,74352,0.22209009999999998,4408,0.0131667
2024/25,2024,Total,Total,FSM eligible,Unclassified,45108,13828747,1742406,0.1259988,0.8740012,17530,0.3886229,3078,0.0682362
2024/25,2024,Total,Total,FSM not eligible,Unclassified,101139,30750034,2089466,0.06795,0.93205,18729,0.1851808,2648,0.0261818
2024/25,2024,Total,Total,FSM unclassified,Unclassified,5973,216276,60861,0.2814043,0.7185957000000001,3653,0.6115855,2053,0.34371339999999995
2024/25,2024,Total,Total,Total,Unclassified,152220,44795057,3892733,0.0869009,0.9130990999999999,39912,0.2621994,7779,0.051103699999999995
2024/25,2024,Total,Total,FSM eligible,White and Asian,30970,10852880,1114626,0.1027032,0.8972968,9927,0.32053600000000004,1154,0.0372619
2024/25,2024,Total,Total,FSM not eligible,White and Asian,93209,33699200,1656883,0.049166800000000004,0.9508332,9730,0.1043891,794,0.0085185
2024/25,2024,Total,Total,FSM unclassified,White and Asian,1186,32197,9522,0.2957418,0.7042582,716,0.6037099,410,0.3456998
2024/25,2024,Total,Total,Total,White and Asian,125365,44584277,2781031,0.0623769,0.9376231,20373,0.1625095,2358,0.018809100000000002
2024/25,2024,Total,Total,FSM eligible,White and Black African,26410,9268428,898306,0.0969211,0.9030789,7746,0.293298,924,0.0349867
2024/25,2024,Total,Total,FSM not eligible,White and Black African,43414,15507340,786975,0.050748499999999995,0.9492515,4968,0.11443310000000001,473,0.0108951
2024/25,2024,Total,Total,FSM unclassified,White and Black African,841,22527,6778,0.30088339999999997,0.6991166,521,0.6195006,306,0.3638526
2024/25,2024,Total,Total,Total,White and Black African,70665,24798295,1692059,0.0682329,0.9317671,13235,0.18729220000000002,1703,0.0240996
2024/25,2024,Total,Total,FSM eligible,White and Black Caribbean,57463,20031919,2479092,0.1237571,0.8762429,23091,0.4018412,2909,0.0506239
2024/25,2024,Total,Total,FSM not eligible,White and Black Caribbean,60092,21532480,1407441,0.06536360000000001,0.9346364,10026,0.1668442,1080,0.0179724
2024/25,2024,Total,Total,FSM unclassified,White and Black Caribbean,1232,35593,13750,0.3863119,0.6136881000000001,890,0.7224026000000001,530,0.4301948
2024/25,2024,Total,Total,Total,White and Black Caribbean,118787,41599992,3900283,0.09375679999999999,0.9062432,34007,0.2862855,4519,0.0380429
2023/24,2023,Special,Special,FSM eligible,African,3246,1163039,114243,0.09822800000000001,0.901772,951,0.292976,118,0.0363524
2023/24,2023,Special,Special,FSM not eligible,African,3080,1099445,99564,0.0905584,0.9094416,763,0.24772729999999998,110,0.0357143
2023/24,2023,Special,Special,FSM unclassified,African,34,620,298,0.4806452,0.5193548,17,0.5,16,0.47058819999999996
2023/24,2023,Special,Special,Total,African,6360,2263104,214105,0.0946068,0.9053932,1731,0.2721698,244,0.0383648
2023/24,2023,Special,Special,FSM eligible,Any other Asian background,856,310668,35906,0.1155768,0.8844232,329,0.38434579999999996,29,0.0338785
2023/24,2023,Special,Special,FSM not eligible,Any other Asian background,1965,710452,78331,0.1102552,0.8897448,687,0.3496183,68,0.0346056
2023/24,2023,Special,Special,FSM unclassified,Any other Asian background,13,260,202,0.7769231000000001,0.2230768999999999,9,0.6923077000000001,9,0.6923077000000001
2023/24,2023,Special,Special,Total,Any other Asian background,2834,1021380,114439,0.1120435,0.8879565,1025,0.3616796,106,0.037403
2023/24,2023,Special,Special,FSM eligible,Any other Black / African / Caribbean background,810,288697,32032,0.1109537,0.8890463,264,0.3259259,32,0.0395062
2023/24,2023,Special,Special,FSM not eligible,Any other Black / African / Caribbean background,724,260020,23680,0.0910699,0.9089301,173,0.23895029999999998,30,0.0414365
2023/24,2023,Special,Special,FSM unclassified,Any other Black / African / Caribbean background,9,240,163,0.6791667,0.3208333,7,0.7777778000000001,7,0.7777778000000001
2023/24,2023,Special,Special,Total,Any other Black / African / Caribbean background,1543,548957,55875,0.1017839,0.8982161,444,0.28775110000000004,69,0.0447181
2023/24,2023,Special,Special,FSM eligible,Any other ethnic group,1283,460138,55088,0.11972060000000001,0.8802794,505,0.3936087,51,0.0397506
2023/24,2023,Special,Special,FSM not eligible,Any other ethnic group,1378,488663,56928,0.11649749999999999,0.8835025,523,0.37953560000000003,54,0.0391872
2023/24,2023,Special,Special,FSM unclassified,Any other ethnic group,15,468,206,0.44017090000000003,0.5598291,10,0.6666667,10,0.6666667
2023/24,2023,Special,Special,Total,Any other ethnic group,2676,949269,112222,0.1182194,0.8817806,1038,0.38789239999999997,115,0.0429746
2023/24,2023,Special,Special,FSM eligible,Any other Mixed / Multiple ethnic background,1849,660423,91504,0.1385536,0.8614464,794,0.4294213,118,0.0638183
2023/24,2023,Special,Special,FSM not eligible,Any other Mixed / Multiple ethnic background,2015,716998,77890,0.10863350000000001,0.8913665,637,0.316129,96,0.047642699999999996
2023/24,2023,Special,Special,FSM unclassified,Any other Mixed / Multiple ethnic background,19,388,287,0.7396907,0.26030929999999997,14,0.7368420999999999,13,0.6842104999999999
2023/24,2023,Special,Special,Total,Any other Mixed / Multiple ethnic background,3883,1377809,169681,0.12315279999999999,0.8768472,1445,0.3721349,227,0.05846
2023/24,2023,Special,Special,FSM eligible,Any other White background,2050,733239,99641,0.1358916,0.8641084,871,0.424878,117,0.057073200000000004
2023/24,2023,Special,Special,FSM not eligible,Any other White background,3970,1422297,155078,0.10903349999999999,0.8909665,1297,0.32670029999999994,158,0.0397985
2023/24,2023,Special,Special,FSM unclassified,Any other White background,21,475,221,0.4652632,0.5347368,13,0.6190476,11,0.5238095
2023/24,2023,Special,Special,Total,Any other White background,6041,2156011,254940,0.11824609999999999,0.8817539,2181,0.3610329,286,0.0473432
2023/24,2023,Special,Special,FSM eligible,Bangladeshi,986,356943,53849,0.15086159999999998,0.8491384,477,0.4837728,54,0.0547667
2023/24,2023,Special,Special,FSM not eligible,Bangladeshi,1384,501074,62674,0.1250793,0.8749207,613,0.4429191,43,0.031069399999999997
2023/24,2023,Special,Special,FSM unclassified,Bangladeshi,5,142,109,0.7676056,0.2323944,3,0.6,3,0.6
2023/24,2023,Special,Special,Total,Bangladeshi,2375,858159,116632,0.1359095,0.8640905,1093,0.4602105,100,0.042105300000000005
2023/24,2023,Special,Special,FSM eligible,Caribbean,918,324267,42256,0.1303124,0.8696876,371,0.4041394,51,0.0555556
2023/24,2023,Special,Special,FSM not eligible,Caribbean,592,207488,21396,0.10311920000000001,0.8968808,184,0.3108108,27,0.0456081
2023/24,2023,Special,Special,FSM unclassified,Caribbean,10,350,81,0.23142859999999998,0.7685714,5,0.5,4,0.4
2023/24,2023,Special,Special,Total,Caribbean,1520,532105,63733,0.1197752,0.8802248,560,0.3684211,82,0.0539474
2023/24,2023,Special,Special,FSM eligible,Chinese,138,49962,3477,0.0695929,0.9304071,24,0.173913,4,0.0289855
2023/24,2023,Special,Special,FSM not eligible,Chinese,364,132905,8824,0.0663933,0.9336067,60,0.1648352,6,0.016483499999999998
2023/24,2023,Special,Special,FSM unclassified,Chinese,1,22,22,1.0,0.0,1,1.0,1,1.0
2023/24,2023,Special,Special,Total,Chinese,503,182889,12323,0.0673797,0.9326203,85,0.16898610000000003,11,0.0218688
2023/24,2023,Special,Special,FSM eligible,English / Welsh / Scottish / Northern Irish / British,46125,16350983,2549910,0.1559484,0.8440516,20320,0.440542,4036,0.08750140000000001
2023/24,2023,Special,Special,FSM not eligible,English / Welsh / Scottish / Northern Irish / British,46931,16715143,1825044,0.1091851,0.8908149,13910,0.2963926,2454,0.0522895
2023/24,2023,Special,Special,FSM unclassified,English / Welsh / Scottish / Northern Irish / British,385,9066,5685,0.6270682,0.37293180000000004,233,0.6051948,205,0.5324675
2023/24,2023,Special,Special,Total,English / Welsh / Scottish / Northern Irish / British,93441,33075192,4380639,0.1324449,0.8675551,34463,0.368821,6695,0.0716495
2023/24,2023,Special,Special,FSM eligible,Gypsy Roma,335,115744,28079,0.2425957,0.7574043,224,0.6686567,51,0.1522388
2023/24,2023,Special,Special,FSM not eligible,Gypsy Roma,169,59183,13275,0.2243043,0.7756957,107,0.6331361,27,0.1597633
2023/24,2023,Special,Special,FSM unclassified,Gypsy Roma,4,170,120,0.7058824,0.2941176,3,0.75,3,0.75
2023/24,2023,Special,Special,Total,Gypsy Roma,508,175097,41474,0.236863,0.763137,334,0.6574803,81,0.1594488
2023/24,2023,Special,Special,FSM eligible,Indian,453,165213,17768,0.107546,0.892454,162,0.3576159,10,0.0220751
2023/24,2023,Special,Special,FSM not eligible,Indian,2312,833952,83353,0.0999494,0.9000506,726,0.3140138,73,0.031574399999999996
2023/24,2023,Special,Special,FSM unclassified,Indian,9,293,175,0.5972696,0.40273040000000004,5,0.5555556,4,0.4444444
2023/24,2023,Special,Special,Total,Indian,2774,999458,101296,0.1013509,0.8986491,893,0.32191780000000003,87,0.0313627
2023/24,2023,Special,Special,FSM eligible,Irish,168,58531,13386,0.2286993,0.7713007000000001,114,0.6785714,25,0.1488095
2023/24,2023,Special,Special,FSM not eligible,Irish,147,52438,6335,0.12080930000000001,0.8791907,46,0.3129252,9,0.061224499999999994
2023/24,2023,Special,Special,FSM unclassified,Irish,5,80,3,0.0375,0.9625,1,0.2,1,0.2
2023/24,2023,Special,Special,Total,Irish,320,111049,19724,0.1776153,0.8223847,161,0.503125,35,0.109375
2023/24,2023,Special,Special,FSM eligible,Irish Traveller,125,43385,13320,0.3070186,0.6929814000000001,98,0.784,25,0.2
2023/24,2023,Special,Special,FSM not eligible,Irish Traveller,30,10765,2607,0.2421737,0.7578263000000001,16,0.5333333,7,0.2333333
2023/24,2023,Special,Special,FSM unclassified,Irish Traveller,1,1,1,1.0,0.0,1,1.0,1,1.0
2023/24,2023,Special,Special,Total,Irish Traveller,156,54151,15928,0.29414049999999997,0.7058595000000001,115,0.7371795,33,0.2115385
2023/24,2023,Special,Special,FSM eligible,Pakistani,2027,732303,108990,0.1488318,0.8511682,1001,0.49383330000000003,102,0.0503207
2023/24,2023,Special,Special,FSM not eligible,Pakistani,3669,1329226,189786,0.1427793,0.8572207000000001,1654,0.450804,204,0.055601000000000005
2023/24,2023,Special,Special,FSM unclassified,Pakistani,28,875,351,0.40114289999999997,0.5988571,11,0.3928571,8,0.2857143
2023/24,2023,Special,Special,Total,Pakistani,5724,2062404,299127,0.145038,0.854962,2666,0.4657582,314,0.0548567
2023/24,2023,Special,Special,FSM eligible,Unclassified,1300,430572,76121,0.17679040000000001,0.8232096,655,0.5038462,158,0.12153850000000001
2023/24,2023,Special,Special,FSM not eligible,Unclassified,1644,512711,83272,0.1624151,0.8375849,687,0.4178832,204,0.12408759999999999
2023/24,2023,Special,Special,FSM unclassified,Unclassified,108,1344,739,0.5498512,0.4501488,36,0.33333329999999994,30,0.2777778
2023/24,2023,Special,Special,Total,Unclassified,3052,944627,160132,0.1695188,0.8304812,1378,0.4515072,392,0.1284404
2023/24,2023,Special,Special,FSM eligible,White and Asian,734,259577,39355,0.151612,0.848388,331,0.4509537,55,0.0749319
2023/24,2023,Special,Special,FSM not eligible,White and Asian,1065,385094,37832,0.0982409,0.9017591,295,0.2769953,40,0.0375587
2023/24,2023,Special,Special,FSM unclassified,White and Asian,12,271,204,0.7527675,0.24723249999999997,7,0.5833332999999999,7,0.5833332999999999
2023/24,2023,Special,Special,Total,White and Asian,1811,644942,77391,0.1199968,0.8800032,633,0.3495306,102,0.0563225
2023/24,2023,Special,Special,FSM eligible,White and Black African,768,274631,40785,0.14850839999999998,0.8514916,322,0.41927079999999994,63,0.0820313
2023/24,2023,Special,Special,FSM not eligible,White and Black African,579,205293,21236,0.10344239999999999,0.8965576,164,0.283247,29,0.050086399999999996
2023/24,2023,Special,Special,FSM unclassified,White and Black African,8,234,114,0.48717950000000004,0.5128204999999999,5,0.625,4,0.5
2023/24,2023,Special,Special,Total,White and Black African,1355,480158,62135,0.1294053,0.8705947,491,0.3623616,96,0.0708487
2023/24,2023,Special,Special,FSM eligible,White and Black Caribbean,1865,655958,117231,0.1787172,0.8212828,933,0.5002681,211,0.1131367
2023/24,2023,Special,Special,FSM not eligible,White and Black Caribbean,963,340113,43005,0.1264433,0.8735567,308,0.3198339,73,0.07580479999999999
2023/24,2023,Special,Special,FSM unclassified,White and Black Caribbean,14,443,247,0.5575621000000001,0.44243789999999994,10,0.7142856999999999,9,0.6428571
2023/24,2023,Special,Special,Total,White and Black Caribbean,2842,996514,160483,0.1610444,0.8389556,1251,0.44018300000000005,293,0.1030964
2023/24,2023,Special,Special,Total,Total,139718,49433275,6432279,0.1301204,0.8698796,51987,0.3720852,9368,0.0670493
2023/24,2023,State-funded primary,State-funded primary,FSM eligible,African,56145,19955524,824341,0.0413089,0.9586911,5348,0.0952534,304,0.0054146
2023/24,2023,State-funded primary,State-funded primary,FSM not eligible,African,129931,44476154,1351610,0.0303895,0.9696105,6988,0.0537824,503,0.0038713
2023/24,2023,State-funded primary,State-funded primary,FSM unclassified,African,4613,127595,23442,0.1837219,0.8162781,2126,0.4608715,1117,0.2421418
2023/24,2023,State-funded primary,State-funded primary,Total,African,190689,64559273,2199393,0.0340678,0.9659322,14462,0.0758408,1924,0.0100897
2023/24,2023,State-funded primary,State-funded primary,FSM eligible,Any other Asian background,19505,6809377,403722,0.059289100000000004,0.9407109,3267,0.1674955,146,0.0074853
2023/24,2023,State-funded primary,State-funded primary,FSM not eligible,Any other Asian background,65908,23346973,1130687,0.0484297,0.9515703,7159,0.1086211,238,0.0036111
2023/24,2023,State-funded primary,State-funded primary,FSM unclassified,Any other Asian background,1682,46239,10030,0.21691649999999998,0.7830835,844,0.5017836,411,0.24435199999999999
2023/24,2023,State-funded primary,State-funded primary,Total,Any other Asian background,87095,30202589,1544439,0.051136,0.948864,11270,0.1293989,795,0.009127999999999999
2023/24,2023,State-funded primary,State-funded primary,FSM eligible,Any other Black / African / Caribbean background,11911,4257942,244945,0.0575266,0.9424734,1997,0.1676601,104,0.0087314
2023/24,2023,State-funded primary,State-funded primary,FSM not eligible,Any other Black / African / Caribbean background,18248,6498887,247507,0.0380845,0.9619155,1426,0.0781456,78,0.0042744
2023/24,2023,State-funded primary,State-funded primary,FSM unclassified,Any other Black / African / Caribbean background,555,15678,3638,0.2320449,0.7679551,291,0.5243243,166,0.2990991
2023/24,2023,State-funded primary,State-funded primary,Total,Any other Black / African / Caribbean background,30714,10772507,496090,0.0460515,0.9539485,3714,0.12092209999999999,348,0.0113303
2023/24,2023,State-funded primary,State-funded primary,FSM eligible,Any other ethnic group,38243,13203171,815696,0.061780299999999996,0.9382197,6955,0.1818633,290,0.007583100000000001
2023/24,2023,State-funded primary,State-funded primary,FSM not eligible,Any other ethnic group,57488,20256610,1076431,0.053139700000000005,0.9468603,7493,0.1303402,344,0.0059838999999999995
2023/24,2023,State-funded primary,State-funded primary,FSM unclassified,Any other ethnic group,2335,66272,16713,0.252188,0.7478119999999999,1234,0.5284797,675,0.2890792
2023/24,2023,State-funded primary,State-funded primary,Total,Any other ethnic group,98066,33526053,1908840,0.056936,0.943064,15682,0.1599127,1309,0.0133482
2023/24,2023,State-funded primary,State-funded primary,FSM eligible,Any other Mixed / Multiple ethnic background,32769,11670730,943584,0.0808505,0.9191495,8924,0.2723306,407,0.0124203
2023/24,2023,State-funded primary,State-funded primary,FSM not eligible,Any other Mixed / Multiple ethnic background,76344,27712665,1314472,0.0474322,0.9525678,7933,0.10391120000000001,261,0.0034187
2023/24,2023,State-funded primary,State-funded primary,FSM unclassified,Any other Mixed / Multiple ethnic background,1392,37044,8772,0.23679950000000002,0.7632005,721,0.5179598,398,0.2859195
2023/24,2023,State-funded primary,State-funded primary,Total,Any other Mixed / Multiple ethnic background,110505,39420439,2266828,0.057503900000000004,0.9424961,17578,0.15906969999999998,1066,0.0096466
2023/24,2023,State-funded primary,State-funded primary,FSM eligible,Any other White background,60091,21270472,1645217,0.0773475,0.9226525,15748,0.2620692,666,0.0110832
2023/24,2023,State-funded primary,State-funded primary,FSM not eligible,Any other White background,230327,83629566,4316709,0.051616999999999996,0.948383,27121,0.11775000000000001,1004,0.004359
2023/24,2023,State-funded primary,State-funded primary,FSM unclassified,Any other White background,3690,101658,25316,0.2490311,0.7509688999999999,1969,0.5336043,1157,0.3135501
2023/24,2023,State-funded primary,State-funded primary,Total,Any other White background,294108,105001696,5987242,0.0570204,0.9429796,44838,0.15245419999999998,2827,0.0096121
2023/24,2023,State-funded primary,State-funded primary,FSM eligible,Bangladeshi,21116,7702147,518982,0.0673815,0.9326185,4577,0.21675509999999998,73,0.0034571000000000003
2023/24,2023,State-funded primary,State-funded primary,FSM not eligible,Bangladeshi,43929,15983947,959803,0.0600479,0.9399521,7303,0.1662455,125,0.0028455000000000004
2023/24,2023,State-funded primary,State-funded primary,FSM unclassified,Bangladeshi,753,21259,4145,0.19497620000000002,0.8050238,366,0.48605580000000004,171,0.2270916
2023/24,2023,State-funded primary,State-funded primary,Total,Bangladeshi,65798,23707353,1482930,0.06255150000000001,0.9374485,12246,0.18611509999999998,369,0.0056081
2023/24,2023,State-funded primary,State-funded primary,FSM eligible,Caribbean,15656,5586642,433380,0.0775743,0.9224257,4221,0.2696091,134,0.008559
2023/24,2023,State-funded primary,State-funded primary,FSM not eligible,Caribbean,16842,6077011,298972,0.049197199999999996,0.9508028,2090,0.1240945,55,0.0032656
2023/24,2023,State-funded primary,State-funded primary,FSM unclassified,Caribbean,400,10513,3034,0.2885951,0.7114049,234,0.585,140,0.35
2023/24,2023,State-funded primary,State-funded primary,Total,Caribbean,32898,11674166,735386,0.06299260000000001,0.9370073999999999,6545,0.1989483,329,0.0100006
2023/24,2023,State-funded primary,State-funded primary,FSM eligible,Chinese,2452,873733,26680,0.0305356,0.9694644,128,0.0522023,4,0.0016313
2023/24,2023,State-funded primary,State-funded primary,FSM not eligible,Chinese,28211,10097714,339504,0.0336219,0.9663781,1284,0.045514200000000005,35,0.0012407
2023/24,2023,State-funded primary,State-funded primary,FSM unclassified,Chinese,671,17986,1696,0.09429560000000001,0.9057044,185,0.2757079,80,0.119225
2023/24,2023,State-funded primary,State-funded primary,Total,Chinese,31334,10989433,367880,0.0334758,0.9665242,1597,0.050967000000000005,119,0.0037978
2023/24,2023,State-funded primary,State-funded primary,FSM eligible,English / Welsh / Scottish / Northern Irish / British,616514,221981313,18989705,0.0855464,0.9144536,179667,0.29142399999999996,8141,0.013204899999999999
2023/24,2023,State-funded primary,State-funded primary,FSM not eligible,English / Welsh / Scottish / Northern Irish / British,1762272,653515322,28814652,0.0440918,0.9559082,143241,0.081282,4772,0.0027078999999999996
2023/24,2023,State-funded primary,State-funded primary,FSM unclassified,English / Welsh / Scottish / Northern Irish / British,12680,339625,89226,0.26271920000000004,0.7372808,7247,0.57153,4250,0.3351735
2023/24,2023,State-funded primary,State-funded primary,Total,English / Welsh / Scottish / Northern Irish / British,2391466,875836260,47893583,0.0546833,0.9453167,330155,0.1380555,17163,0.0071768
2023/24,2023,State-funded primary,State-funded primary,FSM eligible,Gypsy Roma,9986,3415818,523219,0.1531753,0.8468247,5922,0.5930302,470,0.0470659
2023/24,2023,State-funded primary,State-funded primary,FSM not eligible,Gypsy Roma,6919,2347206,335724,0.1430313,0.8569687,3774,0.5454545000000001,293,0.0423472
2023/24,2023,State-funded primary,State-funded primary,FSM unclassified,Gypsy Roma,399,13408,6362,0.4744928,0.5255072000000001,323,0.8095238,220,0.5513783999999999
2023/24,2023,State-funded primary,State-funded primary,Total,Gypsy Roma,17304,5776432,865305,0.1497992,0.8502008,10019,0.5789991,983,0.056807699999999996
2023/24,2023,State-funded primary,State-funded primary,FSM eligible,Indian,10846,3917882,241380,0.061609800000000006,0.9383902,2010,0.1853218,45,0.004149
2023/24,2023,State-funded primary,State-funded primary,FSM not eligible,Indian,149173,52501747,2598511,0.0494938,0.9505062,17592,0.1179302,430,0.0028826000000000004
2023/24,2023,State-funded primary,State-funded primary,FSM unclassified,Indian,3456,94215,17442,0.18512979999999998,0.8148702,1653,0.47829859999999996,726,0.2100694
2023/24,2023,State-funded primary,State-funded primary,Total,Indian,163475,56513844,2857333,0.050559900000000005,0.9494401,21255,0.1300199,1201,0.0073467
2023/24,2023,State-funded primary,State-funded primary,FSM eligible,Irish,2106,728973,93494,0.1282544,0.8717456,1036,0.49192779999999997,75,0.0356125
2023/24,2023,State-funded primary,State-funded primary,FSM not eligible,Irish,6616,2423191,113316,0.0467631,0.9532369,621,0.0938634,31,0.0046856
2023/24,2023,State-funded primary,State-funded primary,FSM unclassified,Irish,78,2088,788,0.3773946,0.6226054,49,0.6282051,36,0.46153849999999996
2023/24,2023,State-funded primary,State-funded primary,Total,Irish,8800,3154252,207598,0.0658153,0.9341847,1706,0.1938636,142,0.0161364
2023/24,2023,State-funded primary,State-funded primary,FSM eligible,Irish Traveller,3253,1063830,236018,0.22185690000000002,0.7781431,2447,0.7522287,355,0.10913
2023/24,2023,State-funded primary,State-funded primary,FSM not eligible,Irish Traveller,1390,444921,89277,0.20065809999999998,0.7993419,887,0.6381295,166,0.11942449999999999
2023/24,2023,State-funded primary,State-funded primary,FSM unclassified,Irish Traveller,128,4837,2443,0.5050650999999999,0.49493490000000007,115,0.8984375,81,0.6328125
2023/24,2023,State-funded primary,State-funded primary,Total,Irish Traveller,4771,1513588,327738,0.21653050000000001,0.7834695,3449,0.7229092,602,0.126179
2023/24,2023,State-funded primary,State-funded primary,FSM eligible,Pakistani,47179,17001013,1281736,0.0753917,0.9246083,12236,0.2593527,226,0.0047903
2023/24,2023,State-funded primary,State-funded primary,FSM not eligible,Pakistani,123847,44779035,2849789,0.0636411,0.9363589,22942,0.1852447,422,0.0034073999999999997
2023/24,2023,State-funded primary,State-funded primary,FSM unclassified,Pakistani,2259,64018,15023,0.2346684,0.7653316,1154,0.5108455,621,0.2749004
2023/24,2023,State-funded primary,State-funded primary,Total,Pakistani,173285,61844066,4146548,0.0670484,0.9329516,36332,0.2096662,1269,0.007323199999999999
2023/24,2023,State-funded primary,State-funded primary,FSM eligible,Unclassified,17243,5324334,480360,0.0902197,0.9097803,5371,0.3114887,401,0.0232558
2023/24,2023,State-funded primary,State-funded primary,FSM not eligible,Unclassified,60045,16006551,853580,0.0533269,0.9466731,8242,0.1372637,599,0.0099759
2023/24,2023,State-funded primary,State-funded primary,FSM unclassified,Unclassified,3598,161880,26040,0.1608599,0.8391401,1617,0.44941630000000005,631,0.1753752
2023/24,2023,State-funded primary,State-funded primary,Total,Unclassified,80886,21492765,1359980,0.06327619999999999,0.9367238,15230,0.1882897,1631,0.0201642
2023/24,2023,State-funded primary,State-funded primary,FSM eligible,White and Asian,15564,5564028,455377,0.081843,0.918157,4349,0.2794269,173,0.0111154
2023/24,2023,State-funded primary,State-funded primary,FSM not eligible,White and Asian,51767,19014020,838007,0.0440731,0.9559269,4547,0.08783590000000001,127,0.0024533
2023/24,2023,State-funded primary,State-funded primary,FSM unclassified,White and Asian,544,14594,3792,0.25983280000000003,0.7401671999999999,293,0.5386029,169,0.3106618
2023/24,2023,State-funded primary,State-funded primary,Total,White and Asian,67875,24592642,1297176,0.0527465,0.9472535,9189,0.13538119999999998,469,0.006909800000000001
2023/24,2023,State-funded primary,State-funded primary,FSM eligible,White and Black African,13647,4891220,357431,0.073076,0.926924,3274,0.2399062,134,0.009819
2023/24,2023,State-funded primary,State-funded primary,FSM not eligible,White and Black African,23526,8524400,356224,0.0417887,0.9582113,1923,0.0817394,74,0.0031455
2023/24,2023,State-funded primary,State-funded primary,FSM unclassified,White and Black African,491,13584,3185,0.234467,0.765533,245,0.49898170000000003,151,0.3075356
2023/24,2023,State-funded primary,State-funded primary,Total,White and Black African,37664,13429204,716840,0.0533792,0.9466208,5442,0.1444881,359,0.0095316
2023/24,2023,State-funded primary,State-funded primary,FSM eligible,White and Black Caribbean,30291,10843710,1029894,0.0949762,0.9050238,10205,0.3368987,534,0.017629
2023/24,2023,State-funded primary,State-funded primary,FSM not eligible,White and Black Caribbean,32263,11864873,602406,0.050772199999999997,0.9492278,3772,0.11691409999999999,105,0.0032545
2023/24,2023,State-funded primary,State-funded primary,FSM unclassified,White and Black Caribbean,540,14618,4689,0.32076889999999997,0.6792311,346,0.6407407,203,0.37592590000000004
2023/24,2023,State-funded primary,State-funded primary,Total,White and Black Caribbean,63094,22723201,1636989,0.0720404,0.9279596,14323,0.22701049999999998,842,0.0133452
2023/24,2023,State-funded primary,State-funded primary,Total,Total,3949827,1416729763,78298118,0.0552668,0.9447332,575032,0.1455841,33747,0.0085439
2023/24,2023,State-funded secondary,State-funded secondary,FSM eligible,African,50607,17439642,958809,0.0549787,0.9450213,7518,0.1485565,550,0.0108681
2023/24,2023,State-funded secondary,State-funded secondary,FSM not eligible,African,102749,34788521,1316917,0.0378549,0.9621451,8544,0.0831541,533,0.0051874
2023/24,2023,State-funded secondary,State-funded secondary,FSM unclassified,African,2017,59958,15684,0.2615831,0.7384169,1172,0.5810609999999999,629,0.3118493
2023/24,2023,State-funded secondary,State-funded secondary,Total,African,155373,52288121,2291410,0.043822799999999995,0.9561772,17234,0.1109202,1712,0.0110186
2023/24,2023,State-funded secondary,State-funded secondary,FSM eligible,Any other Asian background,16407,5591492,429196,0.0767588,0.9232412,3873,0.23605779999999998,301,0.018345800000000002
2023/24,2023,State-funded secondary,State-funded secondary,FSM not eligible,Any other Asian background,53100,18387869,955250,0.05195,0.94805,6903,0.13,348,0.0065537
2023/24,2023,State-funded secondary,State-funded secondary,FSM unclassified,Any other Asian background,802,23461,6788,0.2893312,0.7106688,503,0.627182,274,0.34164589999999995
2023/24,2023,State-funded secondary,State-funded secondary,Total,Any other Asian background,70309,24002822,1391234,0.0579613,0.9420387,11279,0.1604204,923,0.0131278
2023/24,2023,State-funded secondary,State-funded secondary,FSM eligible,Any other Black / African / Caribbean background,10025,3423051,281570,0.082257,0.917743,2530,0.2523691,286,0.028528699999999997
2023/24,2023,State-funded secondary,State-funded secondary,FSM not eligible,Any other Black / African / Caribbean background,15393,5277244,264419,0.050105500000000004,0.9498945,2007,0.1303839,145,0.0094199
2023/24,2023,State-funded secondary,State-funded secondary,FSM unclassified,Any other Black / African / Caribbean background,311,8574,2645,0.3084908,0.6915092,192,0.6173633000000001,109,0.35048229999999997
2023/24,2023,State-funded secondary,State-funded secondary,Total,Any other Black / African / Caribbean background,25729,8708869,548634,0.0629972,0.9370028,4729,0.1838004,540,0.020988000000000003
2023/24,2023,State-funded secondary,State-funded secondary,FSM eligible,Any other ethnic group,31635,10677371,901996,0.0844773,0.9155227,8512,0.2690691,660,0.020863
2023/24,2023,State-funded secondary,State-funded secondary,FSM not eligible,Any other ethnic group,45217,15382637,999289,0.0649621,0.9350379,8326,0.18413430000000003,603,0.013335699999999999
2023/24,2023,State-funded secondary,State-funded secondary,FSM unclassified,Any other ethnic group,1216,34660,11836,0.34148870000000003,0.6585113,817,0.671875,466,0.3832237
2023/24,2023,State-funded secondary,State-funded secondary,Total,Any other ethnic group,78068,26094668,1913121,0.0733146,0.9266854,17655,0.226149,1729,0.022147399999999998
2023/24,2023,State-funded secondary,State-funded secondary,FSM eligible,Any other Mixed / Multiple ethnic background,25862,8793160,1067228,0.1213702,0.8786298,9957,0.38500500000000004,1373,0.053089500000000005
2023/24,2023,State-funded secondary,State-funded secondary,FSM not eligible,Any other Mixed / Multiple ethnic background,61854,21529004,1415839,0.0657643,0.9342357,10966,0.17728850000000002,985,0.0159246
2023/24,2023,State-funded secondary,State-funded secondary,FSM unclassified,Any other Mixed / Multiple ethnic background,1039,29645,9492,0.3201889,0.6798111,692,0.6660250000000001,385,0.3705486
2023/24,2023,State-funded secondary,State-funded secondary,Total,Any other Mixed / Multiple ethnic background,88755,30351809,2492559,0.0821223,0.9178777,21615,0.24353560000000002,2743,0.030905300000000004
2023/24,2023,State-funded secondary,State-funded secondary,FSM eligible,Any other White background,46387,15791806,1829908,0.1158771,0.8841229,17491,0.37706690000000004,2019,0.0435251
2023/24,2023,State-funded secondary,State-funded secondary,FSM not eligible,Any other White background,183851,64021086,4444697,0.0694255,0.9305745,35522,0.1932108,2677,0.0145607
2023/24,2023,State-funded secondary,State-funded secondary,FSM unclassified,Any other White background,2457,67948,24957,0.3672956,0.6327044,1685,0.6857957,1100,0.4477004
2023/24,2023,State-funded secondary,State-funded secondary,Total,Any other White background,232695,79880840,6299562,0.078862,0.921138,54698,0.2350631,5796,0.024908100000000002
2023/24,2023,State-funded secondary,State-funded secondary,FSM eligible,Bangladeshi,19497,6870152,551827,0.0803224,0.9196776,4957,0.25424420000000003,243,0.0124635
2023/24,2023,State-funded secondary,State-funded secondary,FSM not eligible,Bangladeshi,36585,12938885,815372,0.06301720000000001,0.9369828,6372,0.17416969999999998,210,0.005740100000000001
2023/24,2023,State-funded secondary,State-funded secondary,FSM unclassified,Bangladeshi,400,10933,2527,0.2311351,0.7688649,219,0.5475,114,0.285
2023/24,2023,State-funded secondary,State-funded secondary,Total,Bangladeshi,56482,19819970,1369726,0.0691084,0.9308916,11548,0.2044545,567,0.0100386
2023/24,2023,State-funded secondary,State-funded secondary,FSM eligible,Caribbean,15490,5212447,567702,0.1089128,0.8910872,5584,0.3604906,585,0.0377663
2023/24,2023,State-funded secondary,State-funded secondary,FSM not eligible,Caribbean,19239,6550556,444051,0.0677883,0.9322117,3880,0.20167369999999998,279,0.0145018
2023/24,2023,State-funded secondary,State-funded secondary,FSM unclassified,Caribbean,372,11429,3664,0.320588,0.679412,241,0.6478495,135,0.36290320000000004
2023/24,2023,State-funded secondary,State-funded secondary,Total,Caribbean,35101,11774432,1015417,0.0862391,0.9137609,9705,0.2764878,999,0.028460700000000002
2023/24,2023,State-funded secondary,State-funded secondary,FSM eligible,Chinese,1835,647733,23031,0.0355563,0.9644437,115,0.0626703,16,0.0087193
2023/24,2023,State-funded secondary,State-funded secondary,FSM not eligible,Chinese,22812,8009688,254054,0.0317183,0.9682817,1170,0.051288799999999996,90,0.0039453
2023/24,2023,State-funded secondary,State-funded secondary,FSM unclassified,Chinese,281,6879,1203,0.17488009999999998,0.8251199,130,0.46263350000000003,69,0.2455516
2023/24,2023,State-funded secondary,State-funded secondary,Total,Chinese,24928,8664300,278288,0.0321189,0.9678811,1415,0.0567635,175,0.0070202
2023/24,2023,State-funded secondary,State-funded secondary,FSM eligible,English / Welsh / Scottish / Northern Irish / British,499735,169403112,28628557,0.1689966,0.8310034,251883,0.5040331,49983,0.100019
2023/24,2023,State-funded secondary,State-funded secondary,FSM not eligible,English / Welsh / Scottish / Northern Irish / British,1562279,549795767,41339276,0.0751902,0.9248098,310611,0.1988192,37662,0.0241071
2023/24,2023,State-funded secondary,State-funded secondary,FSM unclassified,English / Welsh / Scottish / Northern Irish / British,16825,503801,219590,0.4358665,0.5641335000000001,12874,0.7651709,8281,0.4921842
2023/24,2023,State-funded secondary,State-funded secondary,Total,English / Welsh / Scottish / Northern Irish / British,2078839,719702680,70187423,0.0975228,0.9024772,575368,0.2767737,95926,0.046144
2023/24,2023,State-funded secondary,State-funded secondary,FSM eligible,Gypsy Roma,5553,1796009,447262,0.24903099999999997,0.750969,4257,0.7666126,873,0.1572123
2023/24,2023,State-funded secondary,State-funded secondary,FSM not eligible,Gypsy Roma,3738,1199200,220756,0.1840861,0.8159139,2327,0.6225254,357,0.09550560000000001
2023/24,2023,State-funded secondary,State-funded secondary,FSM unclassified,Gypsy Roma,274,7777,4455,0.572843,0.427157,240,0.8759124,167,0.6094891
2023/24,2023,State-funded secondary,State-funded secondary,Total,Gypsy Roma,9565,3002986,672473,0.2239348,0.7760652,6824,0.7134344,1397,0.1460533
2023/24,2023,State-funded secondary,State-funded secondary,FSM eligible,Indian,10613,3726679,293137,0.07865899999999999,0.921341,2541,0.23942329999999998,182,0.0171488
2023/24,2023,State-funded secondary,State-funded secondary,FSM not eligible,Indian,107852,37703108,1851366,0.0491038,0.9508962,12517,0.1160572,390,0.0036160999999999997
2023/24,2023,State-funded secondary,State-funded secondary,FSM unclassified,Indian,1103,29779,6591,0.2213305,0.7786695,600,0.543971,292,0.2647325
2023/24,2023,State-funded secondary,State-funded secondary,Total,Indian,119568,41459566,2151094,0.0518841,0.9481159,15658,0.1309548,864,0.007226
2023/24,2023,State-funded secondary,State-funded secondary,FSM eligible,Irish,1820,604017,112344,0.1859948,0.8140052,1035,0.5686813000000001,200,0.1098901
2023/24,2023,State-funded secondary,State-funded secondary,FSM not eligible,Irish,6380,2235150,159985,0.0715769,0.9284231000000001,1207,0.18918500000000002,135,0.0211599
2023/24,2023,State-funded secondary,State-funded secondary,FSM unclassified,Irish,80,2512,943,0.3753981,0.6246019,53,0.6625,35,0.4375
2023/24,2023,State-funded secondary,State-funded secondary,Total,Irish,8280,2841679,273272,0.09616569999999999,0.9038343,2295,0.27717390000000003,370,0.044686000000000003
2023/24,2023,State-funded secondary,State-funded secondary,FSM eligible,Irish Traveller,912,282052,81277,0.2881632,0.7118367999999999,690,0.7565788999999999,216,0.2368421
2023/24,2023,State-funded secondary,State-funded secondary,FSM not eligible,Irish Traveller,562,192966,26004,0.1347595,0.8652405,237,0.4217082,40,0.0711744
2023/24,2023,State-funded secondary,State-funded secondary,FSM unclassified,Irish Traveller,41,1078,536,0.4972171,0.5027828999999999,34,0.8292683,24,0.5853659
2023/24,2023,State-funded secondary,State-funded secondary,Total,Irish Traveller,1515,476096,107817,0.22646059999999998,0.7735394,961,0.6343234,280,0.18481850000000002
2023/24,2023,State-funded secondary,State-funded secondary,FSM eligible,Pakistani,43432,15127818,1515421,0.1001745,0.8998255,15068,0.3469331,965,0.022218599999999998
2023/24,2023,State-funded secondary,State-funded secondary,FSM not eligible,Pakistani,106038,37138027,2772812,0.0746623,0.9253377,24924,0.2350478,962,0.0090722
2023/24,2023,State-funded secondary,State-funded secondary,FSM unclassified,Pakistani,1478,42658,12699,0.2976933,0.7023067000000001,994,0.6725304,536,0.3626522
2023/24,2023,State-funded secondary,State-funded secondary,Total,Pakistani,150948,52308503,4300932,0.08222239999999999,0.9177776,40986,0.271524,2463,0.016316900000000002
2023/24,2023,State-funded secondary,State-funded secondary,FSM eligible,Unclassified,24507,7526019,1164191,0.15468880000000002,0.8453112,11338,0.46264330000000004,2337,0.0953605
2023/24,2023,State-funded secondary,State-funded secondary,FSM not eligible,Unclassified,63572,18363769,1474260,0.0802809,0.9197191,14278,0.22459569999999998,1955,0.030752500000000002
2023/24,2023,State-funded secondary,State-funded secondary,FSM unclassified,Unclassified,2991,100739,34454,0.3420125,0.6579875,2050,0.6853895,1209,0.4042126
2023/24,2023,State-funded secondary,State-funded secondary,Total,Unclassified,91070,25990527,2672905,0.1028415,0.8971585,27666,0.3037883,5501,0.060404099999999995
2023/24,2023,State-funded secondary,State-funded secondary,FSM eligible,White and Asian,12745,4361341,584101,0.1339269,0.8660731,5297,0.415614,858,0.0673205
2023/24,2023,State-funded secondary,State-funded secondary,FSM not eligible,White and Asian,39509,13930617,880084,0.0631762,0.9368238,6413,0.16231739999999997,565,0.0143005
2023/24,2023,State-funded secondary,State-funded secondary,FSM unclassified,White and Asian,469,14401,5069,0.3519894,0.6480106,309,0.6588486,173,0.3688699
2023/24,2023,State-funded secondary,State-funded secondary,Total,White and Asian,52723,18306359,1469254,0.08025919999999999,0.9197408,12019,0.22796500000000003,1596,0.0302714
2023/24,2023,State-funded secondary,State-funded secondary,FSM eligible,White and Black African,11096,3792738,480150,0.1265972,0.8734028,4213,0.3796864,675,0.060832699999999996
2023/24,2023,State-funded secondary,State-funded secondary,FSM not eligible,White and Black African,19726,6868743,465756,0.06780800000000001,0.932192,3581,0.1815371,381,0.0193146
2023/24,2023,State-funded secondary,State-funded secondary,FSM unclassified,White and Black African,330,9319,3323,0.3565833,0.6434167,218,0.6606061,135,0.4090909
2023/24,2023,State-funded secondary,State-funded secondary,Total,White and Black African,31152,10670800,949229,0.0889557,0.9110443,8012,0.2571905,1191,0.0382319
2023/24,2023,State-funded secondary,State-funded secondary,FSM eligible,White and Black Caribbean,23744,7996423,1337658,0.16728200000000001,0.832718,12336,0.5195418,2199,0.09261290000000001
2023/24,2023,State-funded secondary,State-funded secondary,FSM not eligible,White and Black Caribbean,28657,9903603,874258,0.0882768,0.9117232,7485,0.2611927,894,0.0311966
2023/24,2023,State-funded secondary,State-funded secondary,FSM unclassified,White and Black Caribbean,684,20705,8245,0.398213,0.6017870000000001,515,0.752924,289,0.4225146
2023/24,2023,State-funded secondary,State-funded secondary,Total,White and Black Caribbean,53085,17920731,2220161,0.1238879,0.8761121000000001,20336,0.38308369999999997,3382,0.0637091
2023/24,2023,State-funded secondary,State-funded secondary,Total,Total,3364185,1154265758,102604511,0.0888916,0.9111084,860003,0.2556349,128154,0.0380936
2023/24,2023,Total,Total,Total,Total,7453730,2620428796,187334908,0.0714902,0.9285098,1487022,0.19950040000000002,171269,0.022977599999999997
2023/24,2023,Special,Special,FSM eligible,Total,66036,23434273,3532941,0.1507596,0.8492404,28746,0.435308,5310,0.0804107
2023/24,2023,State-funded primary,State-funded primary,FSM eligible,Total,1024517,366061859,29545161,0.0807108,0.9192892,277682,0.271037,12682,0.012378499999999999
2023/24,2023,State-funded secondary,State-funded secondary,FSM eligible,Total,851902,289063062,41255365,0.142721,0.857279,369195,0.4333773,64521,0.0757376
2023/24,2023,Total,Total,FSM eligible,Total,1942455,678559194,74333467,0.10954599999999999,0.890454,675623,0.34781910000000005,82513,0.0424787
2023/24,2023,Special,Special,FSM not eligible,Total,72981,25983260,2890110,0.1112297,0.8887703,22850,0.3130952,3712,0.0508626
2023/24,2023,State-funded primary,State-funded primary,FSM not eligible,Total,2885046,1049500793,48487181,0.046200200000000004,0.9537998,276338,0.0957829,9662,0.0033489999999999995
2023/24,2023,State-funded secondary,State-funded secondary,FSM not eligible,Total,2479113,864216440,60974445,0.0705546,0.9294454,467270,0.1884827,49211,0.0198502
2023/24,2023,Total,Total,FSM not eligible,Total,5437140,1939700493,112351736,0.05792220000000001,0.9420778,766458,0.1409671,62585,0.0115106
2023/24,2023,Special,Special,FSM unclassified,Total,701,15742,9228,0.5862025,0.41379750000000004,391,0.5577746,346,0.49358060000000004
2023/24,2023,State-funded primary,State-funded primary,FSM unclassified,Total,40264,1167111,265776,0.22772130000000002,0.7722787,21012,0.5218558,11403,0.2832058
2023/24,2023,State-funded secondary,State-funded secondary,FSM unclassified,Total,33170,986256,374701,0.3799227,0.6200772999999999,23538,0.7096171,14422,0.4347905
2023/24,2023,Total,Total,FSM unclassified,Total,74135,2169109,649705,0.2995262,0.7004737999999999,44941,0.6062048999999999,26171,0.35301810000000006
2023/24,2023,Total,Total,FSM eligible,African,109998,38558205,1897393,0.049208499999999995,0.9507915,13817,0.1256114,972,0.0088365
2023/24,2023,Total,Total,FSM not eligible,African,235760,80364120,2768091,0.0344444,0.9655556,16295,0.0691169,1146,0.0048609000000000005
2023/24,2023,Total,Total,FSM unclassified,African,6664,188173,39424,0.2095093,0.7904907,3315,0.49744900000000003,1762,0.2644058
2023/24,2023,Total,Total,Total,African,352422,119110498,4704908,0.0395004,0.9604996,33427,0.0948494,3880,0.0110095
2023/24,2023,Total,Total,FSM eligible,Any other Asian background,36768,12711537,868824,0.0683492,0.9316508,7469,0.20313859999999997,476,0.012946
2023/24,2023,Total,Total,FSM not eligible,Any other Asian background,120973,42445294,2164268,0.050989599999999996,0.9490104,14749,0.1219198,654,0.0054062
2023/24,2023,Total,Total,FSM unclassified,Any other Asian background,2497,69960,17020,0.2432819,0.7567181000000001,1356,0.5430516999999999,694,0.2779335
2023/24,2023,Total,Total,Total,Any other Asian background,160238,55226791,3050112,0.055228799999999995,0.9447712,23574,0.1471187,1824,0.0113831
2023/24,2023,Total,Total,FSM eligible,Any other Black / African / Caribbean background,22746,7969690,558547,0.0700839,0.9299161,4791,0.2106304,422,0.0185527
2023/24,2023,Total,Total,FSM not eligible,Any other Black / African / Caribbean background,34365,12036151,535606,0.0444998,0.9555002,3606,0.1049323,253,0.0073621
2023/24,2023,Total,Total,FSM unclassified,Any other Black / African / Caribbean background,875,24492,6446,0.263188,0.736812,490,0.56,282,0.32228569999999995
2023/24,2023,Total,Total,Total,Any other Black / African / Caribbean background,57986,20030333,1100599,0.0549466,0.9450534,8887,0.1532611,957,0.016504
2023/24,2023,Total,Total,FSM eligible,Any other ethnic group,71161,24340680,1772780,0.072832,0.927168,15972,0.2244488,1001,0.014066700000000001
2023/24,2023,Total,Total,FSM not eligible,Any other ethnic group,104083,36127910,2132648,0.05903050000000001,0.9409695,16342,0.1570093,1001,0.0096173
2023/24,2023,Total,Total,FSM unclassified,Any other ethnic group,3566,101400,28755,0.2835799,0.7164201,2061,0.5779585,1151,0.32277059999999996
2023/24,2023,Total,Total,Total,Any other ethnic group,178810,60569990,3934183,0.0649527,0.9350473,34375,0.19224319999999998,3153,0.0176332
2023/24,2023,Total,Total,FSM eligible,Any other Mixed / Multiple ethnic background,60480,21124313,2102316,0.0995212,0.9004788,19675,0.3253142,1898,0.0313823
2023/24,2023,Total,Total,FSM not eligible,Any other Mixed / Multiple ethnic background,140213,49958667,2808201,0.056210500000000004,0.9437895,19536,0.1393309,1342,0.0095712
2023/24,2023,Total,Total,FSM unclassified,Any other Mixed / Multiple ethnic background,2450,67077,18551,0.2765628,0.7234372,1427,0.582449,796,0.324898
2023/24,2023,Total,Total,Total,Any other Mixed / Multiple ethnic background,203143,71150057,4929068,0.06927710000000001,0.9307229,40638,0.20004629999999998,4036,0.0198678
2023/24,2023,Total,Total,FSM eligible,Any other White background,108528,37795517,3574766,0.0945817,0.9054183,34110,0.3142968,2802,0.0258182
2023/24,2023,Total,Total,FSM not eligible,Any other White background,418148,149072949,8916484,0.0598129,0.9401870999999999,63940,0.1529124,3839,0.009181
2023/24,2023,Total,Total,FSM unclassified,Any other White background,6168,170081,50494,0.29688210000000004,0.7031179,3667,0.5945201,2268,0.3677043
2023/24,2023,Total,Total,Total,Any other White background,532844,187038547,12541744,0.0670543,0.9329457,101717,0.1908945,8909,0.0167197
2023/24,2023,Total,Total,FSM eligible,Bangladeshi,41599,14929242,1124658,0.0753326,0.9246674,10011,0.2406548,370,0.0088944
2023/24,2023,Total,Total,FSM not eligible,Bangladeshi,81898,29423906,1837849,0.0624611,0.9375389,14288,0.17446090000000003,378,0.0046155
2023/24,2023,Total,Total,FSM unclassified,Bangladeshi,1158,32334,6781,0.2097173,0.7902827,588,0.507772,288,0.2487047
2023/24,2023,Total,Total,Total,Bangladeshi,124655,44385482,2969288,0.0668977,0.9331023,24887,0.19964700000000002,1036,0.0083109
2023/24,2023,Total,Total,FSM eligible,Caribbean,32064,11123356,1043338,0.0937971,0.9062029,10176,0.31736529999999996,770,0.0240145
2023/24,2023,Total,Total,FSM not eligible,Caribbean,36673,12835055,764419,0.0595571,0.9404429,6154,0.16780740000000002,361,0.0098438
2023/24,2023,Total,Total,FSM unclassified,Caribbean,782,22292,6779,0.3041001,0.6958999,480,0.6138107,279,0.3567775
2023/24,2023,Total,Total,Total,Caribbean,69519,23980703,1814536,0.0756665,0.9243335,16810,0.2418044,1410,0.0202822
2023/24,2023,Total,Total,FSM eligible,Chinese,4425,1571428,53188,0.0338469,0.9661531,267,0.060339000000000004,24,0.0054237
2023/24,2023,Total,Total,FSM not eligible,Chinese,51387,18240307,602382,0.0330248,0.9669752,2514,0.0489229,131,0.0025493
2023/24,2023,Total,Total,FSM unclassified,Chinese,953,24887,2921,0.1173705,0.8826295,316,0.3315845,150,0.1573977
2023/24,2023,Total,Total,Total,Chinese,56765,19836622,658491,0.0331957,0.9668043,3097,0.0545583,305,0.005373
2023/24,2023,Total,Total,FSM eligible,English / Welsh / Scottish / Northern Irish / British,1162374,407735408,50168172,0.123041,0.876959,451870,0.38874749999999997,62160,0.053476800000000005
2023/24,2023,Total,Total,FSM not eligible,English / Welsh / Scottish / Northern Irish / British,3371482,1220026232,71978972,0.058997900000000006,0.9410021,467762,0.1387408,44888,0.013314
2023/24,2023,Total,Total,FSM unclassified,English / Welsh / Scottish / Northern Irish / British,29890,852492,314501,0.36891959999999996,0.6310804000000001,20354,0.6809635,12736,0.42609569999999997
2023/24,2023,Total,Total,Total,English / Welsh / Scottish / Northern Irish / British,4563746,1628614132,122461645,0.0751938,0.9248062,939986,0.20596810000000002,119784,0.026246900000000004
2023/24,2023,Total,Total,FSM eligible,Gypsy Roma,15874,5327571,998560,0.1874325,0.8125675,10403,0.6553484,1394,0.08781660000000001
2023/24,2023,Total,Total,FSM not eligible,Gypsy Roma,10826,3605589,569755,0.15802,0.84198,6208,0.5734343,677,0.0625346
2023/24,2023,Total,Total,FSM unclassified,Gypsy Roma,677,21355,10937,0.5121517,0.4878483,566,0.8360414,390,0.5760708999999999
2023/24,2023,Total,Total,Total,Gypsy Roma,27377,8954515,1579252,0.1763638,0.8236362,17177,0.6274244999999999,2461,0.089893
2023/24,2023,Total,Total,FSM eligible,Indian,21912,7809774,552285,0.0707172,0.9292828,4713,0.2150876,237,0.010816
2023/24,2023,Total,Total,FSM not eligible,Indian,259337,91038807,4533230,0.0497945,0.9502055,30835,0.1188993,893,0.0034433999999999997
2023/24,2023,Total,Total,FSM unclassified,Indian,4568,124287,24208,0.194775,0.805225,2258,0.4943082,1022,0.2237303
2023/24,2023,Total,Total,Total,Indian,285817,98972868,5109723,0.0516275,0.9483725,37806,0.13227339999999999,2152,0.0075293
2023/24,2023,Total,Total,FSM eligible,Irish,4094,1391521,219224,0.1575427,0.8424573,2185,0.5337079,300,0.073278
2023/24,2023,Total,Total,FSM not eligible,Irish,13143,4710779,279636,0.0593609,0.9406391,1874,0.1425854,175,0.0133151
2023/24,2023,Total,Total,FSM unclassified,Irish,163,4680,1734,0.3705128,0.6294872,103,0.6319018,72,0.4417178
2023/24,2023,Total,Total,Total,Irish,17400,6106980,500594,0.0819708,0.9180292,4162,0.2391954,547,0.0314368
2023/24,2023,Total,Total,FSM eligible,Irish Traveller,4290,1389267,330615,0.237978,0.762022,3235,0.7540792999999999,596,0.13892770000000002
2023/24,2023,Total,Total,FSM not eligible,Irish Traveller,1982,648652,117888,0.1817431,0.8182569,1140,0.5751766,213,0.1074672
2023/24,2023,Total,Total,FSM unclassified,Irish Traveller,170,5916,2980,0.5037187,0.49628130000000004,150,0.8823529000000001,106,0.6235294
2023/24,2023,Total,Total,Total,Irish Traveller,6442,2043835,451483,0.2208999,0.7791001,4525,0.7024216,915,0.14203659999999999
2023/24,2023,Total,Total,FSM eligible,Pakistani,92638,32861134,2906147,0.0884372,0.9115628,28305,0.3055442,1293,0.013957599999999999
2023/24,2023,Total,Total,FSM not eligible,Pakistani,233554,83246288,5812387,0.0698216,0.9301784,49520,0.2120281,1588,0.0067993
2023/24,2023,Total,Total,FSM unclassified,Pakistani,3765,107551,28073,0.2610204,0.7389796,2159,0.5734396,1165,0.309429
2023/24,2023,Total,Total,Total,Pakistani,329957,116214973,8746607,0.0752623,0.9247377,79984,0.2424073,4046,0.012262200000000001
2023/24,2023,Total,Total,FSM eligible,Unclassified,43050,13280925,1720672,0.1295597,0.8704403000000001,17364,0.4033449,2896,0.0672706
2023/24,2023,Total,Total,FSM not eligible,Unclassified,125261,34883031,2411112,0.0691199,0.9308801,23207,0.1852692,2758,0.022018
2023/24,2023,Total,Total,FSM unclassified,Unclassified,6697,263963,61233,0.23197569999999998,0.7680243,3703,0.5529341,1870,0.2792295
2023/24,2023,Total,Total,Total,Unclassified,175008,48427919,4193017,0.08658260000000001,0.9134173999999999,44274,0.2529827,7524,0.0429923
2023/24,2023,Total,Total,FSM eligible,White and Asian,29043,10184946,1078833,0.1059243,0.8940757,9977,0.3435251,1086,0.0373928
2023/24,2023,Total,Total,FSM not eligible,White and Asian,92341,33329731,1755923,0.052683400000000005,0.9473166,11255,0.1218852,732,0.0079271
2023/24,2023,Total,Total,FSM unclassified,White and Asian,1025,29266,9065,0.3097451,0.6902549,609,0.5941463,349,0.3404878
2023/24,2023,Total,Total,Total,White and Asian,122409,43543943,2843821,0.0653092,0.9346908,21841,0.17842639999999999,2167,0.0177029
2023/24,2023,Total,Total,FSM eligible,White and Black African,25511,8958589,878366,0.0980474,0.9019526,7809,0.3061032,872,0.0341813
2023/24,2023,Total,Total,FSM not eligible,White and Black African,43831,15598436,843216,0.05405770000000001,0.9459423,5668,0.1293149,484,0.0110424
2023/24,2023,Total,Total,FSM unclassified,White and Black African,829,23137,6622,0.28620819999999997,0.7137918000000001,468,0.5645356,290,0.3498191
2023/24,2023,Total,Total,Total,White and Black African,70171,24580162,1728204,0.07030890000000001,0.9296911,13945,0.19872879999999998,1646,0.023457
2023/24,2023,Total,Total,FSM eligible,White and Black Caribbean,55900,19496091,2484783,0.1274503,0.8725497,23474,0.41992840000000003,2944,0.0526655
2023/24,2023,Total,Total,FSM not eligible,White and Black Caribbean,61883,22108589,1519669,0.0687366,0.9312634,11565,0.18688490000000002,1072,0.017322999999999998
2023/24,2023,Total,Total,FSM unclassified,White and Black Caribbean,1238,35766,13181,0.3685344,0.6314656000000001,871,0.7035541000000001,501,0.40468499999999996
2023/24,2023,Total,Total,Total,White and Black Caribbean,119021,41640446,4017633,0.0964839,0.9035161,35910,0.3017115,4517,0.0379513
